2026-09-06 18:59:59 INFO [app]: 🔄 Log 系統已啟動（設定檔：D:\網頁\預計請購_20220530-w03上版\config.ini，輪轉週期：7 天，保留 52 份）
2026-09-06 19:00:00 INFO [app]: 🔄 Log 系統已啟動（設定檔：D:\網頁\預計請購_20220530-w03上版\config.ini，輪轉週期：7 天，保留 52 份）
2026-09-06 19:00:17 INFO [app]: ✅ 計算金額欄位已建立
2026-09-06 19:00:17 INFO [app]: 📅 下個月日期範圍: 2026-10-01 ~ 2026-10-31
2026-09-06 19:00:17 INFO [app]: 🔢 整數格式: 20261001 ~ 20261031
2026-09-06 19:00:17 INFO [app]: ✅ 符合條件的資料共 6 筆
2026-09-06 19:00:17 INFO [app]: 💰 下個月預計入帳總金額: 1,042,844 元
2026-09-06 19:00:17 INFO [app]: ✅ API 執行成功
2026-09-06 19:01:35 INFO [app]: 收到檔案: 物料收貨單-20260814.mhtml, 大小: 273887 字元
2026-09-06 19:01:35 INFO [app]: ==================================================
2026-09-06 19:01:35 INFO [app]: 解析結果:
2026-09-06 19:01:35 INFO [app]: 檔案名稱: 物料收貨單-20260814.mhtml
2026-09-06 19:01:35 INFO [app]: 解析筆數: 13
2026-09-06 19:01:35 INFO [app]: ------------------------------
2026-09-06 19:01:35 INFO [app]: 第 1 筆:
2026-09-06 19:01:35 INFO [app]:   RT No: 6000324269
2026-09-06 19:01:35 INFO [app]:   項次: 0001
2026-09-06 19:01:35 INFO [app]:   PO No: 6100894549
2026-09-06 19:01:35 INFO [app]:   科目指派: K - 費用
2026-09-06 19:01:35 INFO [app]:   品名: Service Labor K25 Oven WIP異常默停-0902
2026-09-06 19:01:35 INFO [app]:   數量: 8
2026-09-06 19:01:35 INFO [app]:   取件者: 黃郁文
2026-09-06 19:01:35 INFO [app]: ------------------------------
2026-09-06 19:01:35 INFO [app]: 第 2 筆:
2026-09-06 19:01:35 INFO [app]:   RT No: 6000324479
2026-09-06 19:01:35 INFO [app]:   項次: 0001
2026-09-06 19:01:35 INFO [app]:   PO No: 6100879053
2026-09-06 19:01:35 INFO [app]:   科目指派: K - 費用
2026-09-06 19:01:35 INFO [app]:   品名: ASE-AS114000342 烤箱層架
2026-09-06 19:01:35 INFO [app]:   數量: 6
2026-09-06 19:01:35 INFO [app]:   取件者: 周彥良
2026-09-06 19:01:35 INFO [app]: ------------------------------
2026-09-06 19:01:35 INFO [app]: 第 3 筆:
2026-09-06 19:01:35 INFO [app]:   RT No: 6000328005
2026-09-06 19:01:35 INFO [app]:   項次: 0001
2026-09-06 19:01:35 INFO [app]:   PO No: 6100894648
2026-09-06 19:01:35 INFO [app]:   科目指派: K - 費用
2026-09-06 19:01:35 INFO [app]:   品名: DUKEPOS XD-8080桌上式無線二維條碼掃描器
2026-09-06 19:01:35 INFO [app]:   數量: 5
2026-09-06 19:01:35 INFO [app]:   取件者: E1
2026-09-06 19:01:35 INFO [app]: ------------------------------
2026-09-06 19:01:35 INFO [app]: 第 4 筆:
2026-09-06 19:01:35 INFO [app]:   RT No: 6000328005
2026-09-06 19:01:35 INFO [app]:   項次: 0002
2026-09-06 19:01:35 INFO [app]:   PO No: 6100894648
2026-09-06 19:01:35 INFO [app]:   科目指派: K - 費用
2026-09-06 19:01:35 INFO [app]:   品名: 小米 XMSTFXQ01YM 四合一雙頭分線器
2026-09-06 19:01:35 INFO [app]:   數量: 6
2026-09-06 19:01:35 INFO [app]:   取件者: E1
2026-09-06 19:01:35 INFO [app]: ------------------------------
2026-09-06 19:01:35 INFO [app]: 第 5 筆:
2026-09-06 19:01:35 INFO [app]:   RT No: 6000330676
2026-09-06 19:01:35 INFO [app]:   項次: 0001
2026-09-06 19:01:35 INFO [app]:   PO No: 6100894944
2026-09-06 19:01:35 INFO [app]:   科目指派: K - 費用
2026-09-06 19:01:35 INFO [app]:   品名: Panasonic PM-Y45 微型光電感測器
2026-09-06 19:01:35 INFO [app]:   數量: 20
2026-09-06 19:01:35 INFO [app]:   取件者: D2
2026-09-06 19:01:35 INFO [app]: ------------------------------
2026-09-06 19:01:35 INFO [app]: 第 6 筆:
2026-09-06 19:01:35 INFO [app]:   RT No: 6000332616
2026-09-06 19:01:35 INFO [app]:   項次: 0001
2026-09-06 19:01:35 INFO [app]:   PO No: 6100894648
2026-09-06 19:01:35 INFO [app]:   科目指派: K - 費用
2026-09-06 19:01:35 INFO [app]:   品名: 珠友 WA-01055 彩色水晶鑰匙牌 透明-8入
2026-09-06 19:01:35 INFO [app]:   數量: 80
2026-09-06 19:01:35 INFO [app]:   取件者: AB門
2026-09-06 19:01:35 INFO [app]: ------------------------------
2026-09-06 19:01:35 INFO [app]: 第 7 筆:
2026-09-06 19:01:35 INFO [app]:   RT No: 6000335255
2026-09-06 19:01:35 INFO [app]:   項次: 0001
2026-09-06 19:01:35 INFO [app]:   PO No: 6100894186
2026-09-06 19:01:35 INFO [app]:   科目指派: K - 費用
2026-09-06 19:01:35 INFO [app]:   品名: 保護傘 7切6座PU-3763S(2.7M)9尺延長線
2026-09-06 19:01:35 INFO [app]:   數量: 30
2026-09-06 19:01:35 INFO [app]:   取件者: 王柏翰
2026-09-06 19:01:35 INFO [app]: ------------------------------
2026-09-06 19:01:35 INFO [app]: 第 8 筆:
2026-09-06 19:01:35 INFO [app]:   RT No: 6000335255
2026-09-06 19:01:35 INFO [app]:   項次: 0002
2026-09-06 19:01:35 INFO [app]:   PO No: 6100894186
2026-09-06 19:01:35 INFO [app]:   科目指派: K - 費用
2026-09-06 19:01:35 INFO [app]:   品名: 保護傘 7切6座PU-3763S(4.5M)15尺延長線
2026-09-06 19:01:35 INFO [app]:   數量: 20
2026-09-06 19:01:35 INFO [app]:   取件者: 王柏翰
2026-09-06 19:01:35 INFO [app]: ------------------------------
2026-09-06 19:01:35 INFO [app]: 第 9 筆:
2026-09-06 19:01:35 INFO [app]:   RT No: 6000339144
2026-09-06 19:01:35 INFO [app]:   項次: 0001
2026-09-06 19:01:35 INFO [app]:   PO No: 6100894943
2026-09-06 19:01:35 INFO [app]:   科目指派: K - 費用
2026-09-06 19:01:35 INFO [app]:   品名: AirTAC DPSN1-10050 電子式壓力傳感器
2026-09-06 19:01:35 INFO [app]:   數量: 10
2026-09-06 19:01:35 INFO [app]:   取件者: X2
2026-09-06 19:01:35 INFO [app]: ------------------------------
2026-09-06 19:01:35 INFO [app]: 第 10 筆:
2026-09-06 19:01:35 INFO [app]:   RT No: 6000339144
2026-09-06 19:01:35 INFO [app]:   項次: 0002
2026-09-06 19:01:35 INFO [app]:   PO No: 6100894943
2026-09-06 19:01:35 INFO [app]:   科目指派: K - 費用
2026-09-06 19:01:35 INFO [app]:   品名: AirTAC TCM25x20S 三軸氣缸
2026-09-06 19:01:35 INFO [app]:   數量: 10
2026-09-06 19:01:35 INFO [app]:   取件者: X2
2026-09-06 19:01:35 INFO [app]: ------------------------------
2026-09-06 19:01:35 INFO [app]: 第 11 筆:
2026-09-06 19:01:35 INFO [app]:   RT No: 6000339979
2026-09-06 19:01:35 INFO [app]:   項次: 0001
2026-09-06 19:01:35 INFO [app]:   PO No: 6100894185
2026-09-06 19:01:35 INFO [app]:   科目指派: K - 費用
2026-09-06 19:01:35 INFO [app]:   品名: AOTTO 免安裝多功能可收納折疊椅
2026-09-06 19:01:35 INFO [app]:   數量: 24
2026-09-06 19:01:35 INFO [app]:   取件者: 王柏翰
2026-09-06 19:01:35 INFO [app]: ------------------------------
2026-09-06 19:01:35 INFO [app]: 第 12 筆:
2026-09-06 19:01:35 INFO [app]:   RT No: 6000339980
2026-09-06 19:01:35 INFO [app]:   項次: 0001
2026-09-06 19:01:35 INFO [app]:   PO No: 6100894185
2026-09-06 19:01:35 INFO [app]:   科目指派: R - 低額
2026-09-06 19:01:35 INFO [app]:   品名: LOGIS CZ152Z 塑鋼萬用摺疊長桌152*76
2026-09-06 19:01:35 INFO [app]:   數量: 6
2026-09-06 19:01:35 INFO [app]:   取件者: 王柏翰
2026-09-06 19:01:35 INFO [app]: ------------------------------
2026-09-06 19:01:35 INFO [app]: 第 13 筆:
2026-09-06 19:01:35 INFO [app]:   RT No: 6000342471
2026-09-06 19:01:35 INFO [app]:   項次: 0001
2026-09-06 19:01:35 INFO [app]:   PO No: 6100894201
2026-09-06 19:01:35 INFO [app]:   科目指派: K - 費用
2026-09-06 19:01:35 INFO [app]:   品名: Sharp AQUOS Wish5強化軍規防摔抗震手機殼
2026-09-06 19:01:35 INFO [app]:   數量: 50
2026-09-06 19:01:35 INFO [app]:   取件者: 王柏翰
2026-09-06 19:01:35 INFO [app]: ------------------------------
2026-09-06 19:01:35 INFO [app]: ==================================================
2026-09-06 19:01:42 INFO [app]: 收到查詢請求，PO 號碼: ['6100894549', '6100879053', '6100894648', '6100894648', '6100894944', '6100894648', '6100894186', '6100894186', '6100894943', '6100894943', '6100894185', '6100894185', '6100894201']
2026-09-06 19:01:42 INFO [app]: buyer_detail_df 狀態: 已載入
2026-09-06 19:01:42 INFO [app]: planned_purchase_df 狀態: 已載入
2026-09-06 19:01:42 INFO [app]: Buyer_detail 資料筆數: 964
2026-09-06 19:01:42 INFO [app]: Buyer_detail 欄位: ['Id', '開單狀態', '交貨驗證', 'User', 'ePR No.', 'PO No.', 'Item', '品項', '規格', '數量', '總數', '單價', '總價', '備註', '字數', 'isEditing', 'backup', '_alertedItemLimit', 'Delivery Date 廠商承諾交期', 'SOD Qty 廠商承諾數量', '驗收數量', '拒收數量', '發票月份', 'WBS', '需求日', 'RT金額', 'RT總金額', '驗收狀態']
2026-09-06 19:01:42 INFO [app]: Buyer_detail 前3筆 PO No.: [nan, '6100805547', '6100805547']
2026-09-06 19:01:42 INFO [app]: Planned_purchase 資料筆數: 384
2026-09-06 19:01:42 INFO [app]: Planned_purchase 欄位: ['Id', '開單狀態', 'WBS', '請購順序', '需求者', '請購項目', '需求原因', '總金額', '需求日', '已開單日期', 'ePR No.', '進度追蹤超連結', '備註', 'Status', '簽核中關卡', '報告路徑', '驗收路徑', '合作類別', '合作廠商', '前購單單號', '驗收狀態', 'PO No.', '主任簽核', '叔叔簽核']
2026-09-06 19:01:42 INFO [app]: Planned_purchase 前3筆 PO No.: ['6100793959<br />6100793960', '6100794178', '6100793173']
2026-09-06 19:01:42 INFO [app]: 開始處理 PO: 6100894549
2026-09-06 19:01:42 INFO [app]: 查詢需求者，PO No: '6100894549'
2026-09-06 19:01:42 INFO [app]: Planned_Purchase CSV 欄位: ['Id', '開單狀態', 'WBS', '請購順序', '需求者', '請購項目', '需求原因', '總金額', '需求日', '已開單日期', 'ePR No.', '進度追蹤超連結', '備註', 'Status', '簽核中關卡', '報告路徑', '驗收路徑', '合作類別', '合作廠商', '前購單單號', '驗收狀態', 'PO No.', '主任簽核', '叔叔簽核']
2026-09-06 19:01:42 INFO [app]: 查詢結果數量: 1
2026-09-06 19:01:42 INFO [app]: 找到 PO 6100894549 的需求者: 黃郁文 -> 黃郁文
2026-09-06 19:01:42 INFO [app]: 查詢 ePR No.，PO No: '6100894549'
2026-09-06 19:01:42 INFO [app]: 從 Buyer_detail 查詢 (共 964 筆資料)
2026-09-06 19:01:42 INFO [app]: 將 PO No. 轉換為數字: 6100894549
2026-09-06 19:01:42 INFO [app]: 數字匹配查詢到 1 筆結果
2026-09-06 19:01:42 INFO [app]: 找到的 ePR No. 原始值: '2607200420', 類型: <class 'str'>
2026-09-06 19:01:42 INFO [app]: ✓ 在 Buyer_detail 找到 PO 6100894549 的 ePR No.: 2607200420
2026-09-06 19:01:42 INFO [app]: PO 6100894549 最終結果: User=黃郁文, ePR=2607200420
2026-09-06 19:01:42 INFO [app]: 開始處理 PO: 6100879053
2026-09-06 19:01:42 INFO [app]: 查詢需求者，PO No: '6100879053'
2026-09-06 19:01:42 INFO [app]: Planned_Purchase CSV 欄位: ['Id', '開單狀態', 'WBS', '請購順序', '需求者', '請購項目', '需求原因', '總金額', '需求日', '已開單日期', 'ePR No.', '進度追蹤超連結', '備註', 'Status', '簽核中關卡', '報告路徑', '驗收路徑', '合作類別', '合作廠商', '前購單單號', '驗收狀態', 'PO No.', '主任簽核', '叔叔簽核']
2026-09-06 19:01:42 INFO [app]: 查詢結果數量: 1
2026-09-06 19:01:42 INFO [app]: 找到 PO 6100879053 的需求者: 周彥良 -> 周彥良
2026-09-06 19:01:42 INFO [app]: 查詢 ePR No.，PO No: '6100879053'
2026-09-06 19:01:42 INFO [app]: 從 Buyer_detail 查詢 (共 964 筆資料)
2026-09-06 19:01:42 INFO [app]: 將 PO No. 轉換為數字: 6100879053
2026-09-06 19:01:42 INFO [app]: 數字匹配查詢到 1 筆結果
2026-09-06 19:01:42 INFO [app]: 找到的 ePR No. 原始值: '2604200143', 類型: <class 'str'>
2026-09-06 19:01:42 INFO [app]: ✓ 在 Buyer_detail 找到 PO 6100879053 的 ePR No.: 2604200143
2026-09-06 19:01:42 INFO [app]: PO 6100879053 最終結果: User=周彥良, ePR=2604200143
2026-09-06 19:01:42 INFO [app]: 開始處理 PO: 6100894648
2026-09-06 19:01:42 INFO [app]: 查詢需求者，PO No: '6100894648'
2026-09-06 19:01:42 INFO [app]: Planned_Purchase CSV 欄位: ['Id', '開單狀態', 'WBS', '請購順序', '需求者', '請購項目', '需求原因', '總金額', '需求日', '已開單日期', 'ePR No.', '進度追蹤超連結', '備註', 'Status', '簽核中關卡', '報告路徑', '驗收路徑', '合作類別', '合作廠商', '前購單單號', '驗收狀態', 'PO No.', '主任簽核', '叔叔簽核']
2026-09-06 19:01:42 INFO [app]: 查詢結果數量: 0
2026-09-06 19:01:42 INFO [app]: 精確匹配失敗，嘗試部分匹配...
2026-09-06 19:01:42 INFO [app]: 部分匹配找到 PO 6100894648 的需求者: 董承堯 -> 董承堯
2026-09-06 19:01:42 INFO [app]: 查詢 ePR No.，PO No: '6100894648'
2026-09-06 19:01:42 INFO [app]: 從 Buyer_detail 查詢 (共 964 筆資料)
2026-09-06 19:01:42 INFO [app]: 將 PO No. 轉換為數字: 6100894648
2026-09-06 19:01:42 INFO [app]: 數字匹配查詢到 3 筆結果
2026-09-06 19:01:42 INFO [app]: 找到的 ePR No. 原始值: '2607270121', 類型: <class 'str'>
2026-09-06 19:01:42 INFO [app]: ✓ 在 Buyer_detail 找到 PO 6100894648 的 ePR No.: 2607270121
2026-09-06 19:01:42 INFO [app]: PO 6100894648 最終結果: User=董承堯, ePR=2607270121
2026-09-06 19:01:42 INFO [app]: 開始處理 PO: 6100894648
2026-09-06 19:01:42 INFO [app]: 查詢需求者，PO No: '6100894648'
2026-09-06 19:01:42 INFO [app]: Planned_Purchase CSV 欄位: ['Id', '開單狀態', 'WBS', '請購順序', '需求者', '請購項目', '需求原因', '總金額', '需求日', '已開單日期', 'ePR No.', '進度追蹤超連結', '備註', 'Status', '簽核中關卡', '報告路徑', '驗收路徑', '合作類別', '合作廠商', '前購單單號', '驗收狀態', 'PO No.', '主任簽核', '叔叔簽核']
2026-09-06 19:01:42 INFO [app]: 查詢結果數量: 0
2026-09-06 19:01:42 INFO [app]: 精確匹配失敗，嘗試部分匹配...
2026-09-06 19:01:42 INFO [app]: 部分匹配找到 PO 6100894648 的需求者: 董承堯 -> 董承堯
2026-09-06 19:01:42 INFO [app]: 查詢 ePR No.，PO No: '6100894648'
2026-09-06 19:01:42 INFO [app]: 從 Buyer_detail 查詢 (共 964 筆資料)
2026-09-06 19:01:42 INFO [app]: 將 PO No. 轉換為數字: 6100894648
2026-09-06 19:01:42 INFO [app]: 數字匹配查詢到 3 筆結果
2026-09-06 19:01:42 INFO [app]: 找到的 ePR No. 原始值: '2607270121', 類型: <class 'str'>
2026-09-06 19:01:42 INFO [app]: ✓ 在 Buyer_detail 找到 PO 6100894648 的 ePR No.: 2607270121
2026-09-06 19:01:42 INFO [app]: PO 6100894648 最終結果: User=董承堯, ePR=2607270121
2026-09-06 19:01:42 INFO [app]: 開始處理 PO: 6100894944
2026-09-06 19:01:42 INFO [app]: 查詢需求者，PO No: '6100894944'
2026-09-06 19:01:42 INFO [app]: Planned_Purchase CSV 欄位: ['Id', '開單狀態', 'WBS', '請購順序', '需求者', '請購項目', '需求原因', '總金額', '需求日', '已開單日期', 'ePR No.', '進度追蹤超連結', '備註', 'Status', '簽核中關卡', '報告路徑', '驗收路徑', '合作類別', '合作廠商', '前購單單號', '驗收狀態', 'PO No.', '主任簽核', '叔叔簽核']
2026-09-06 19:01:42 INFO [app]: 查詢結果數量: 0
2026-09-06 19:01:42 INFO [app]: 精確匹配失敗，嘗試部分匹配...
2026-09-06 19:01:42 INFO [app]: 部分匹配找到 PO 6100894944 的需求者: 王柏翰 -> 王柏翰
2026-09-06 19:01:42 INFO [app]: 查詢 ePR No.，PO No: '6100894944'
2026-09-06 19:01:42 INFO [app]: 從 Buyer_detail 查詢 (共 964 筆資料)
2026-09-06 19:01:42 INFO [app]: 將 PO No. 轉換為數字: 6100894944
2026-09-06 19:01:42 INFO [app]: 數字匹配查詢到 1 筆結果
2026-09-06 19:01:42 INFO [app]: 找到的 ePR No. 原始值: '2606300383', 類型: <class 'str'>
2026-09-06 19:01:42 INFO [app]: ✓ 在 Buyer_detail 找到 PO 6100894944 的 ePR No.: 2606300383
2026-09-06 19:01:42 INFO [app]: PO 6100894944 最終結果: User=王柏翰, ePR=2606300383
2026-09-06 19:01:42 INFO [app]: 開始處理 PO: 6100894648
2026-09-06 19:01:42 INFO [app]: 查詢需求者，PO No: '6100894648'
2026-09-06 19:01:42 INFO [app]: Planned_Purchase CSV 欄位: ['Id', '開單狀態', 'WBS', '請購順序', '需求者', '請購項目', '需求原因', '總金額', '需求日', '已開單日期', 'ePR No.', '進度追蹤超連結', '備註', 'Status', '簽核中關卡', '報告路徑', '驗收路徑', '合作類別', '合作廠商', '前購單單號', '驗收狀態', 'PO No.', '主任簽核', '叔叔簽核']
2026-09-06 19:01:42 INFO [app]: 查詢結果數量: 0
2026-09-06 19:01:42 INFO [app]: 精確匹配失敗，嘗試部分匹配...
2026-09-06 19:01:42 INFO [app]: 部分匹配找到 PO 6100894648 的需求者: 董承堯 -> 董承堯
2026-09-06 19:01:42 INFO [app]: 查詢 ePR No.，PO No: '6100894648'
2026-09-06 19:01:42 INFO [app]: 從 Buyer_detail 查詢 (共 964 筆資料)
2026-09-06 19:01:42 INFO [app]: 將 PO No. 轉換為數字: 6100894648
2026-09-06 19:01:42 INFO [app]: 數字匹配查詢到 3 筆結果
2026-09-06 19:01:42 INFO [app]: 找到的 ePR No. 原始值: '2607270121', 類型: <class 'str'>
2026-09-06 19:01:42 INFO [app]: ✓ 在 Buyer_detail 找到 PO 6100894648 的 ePR No.: 2607270121
2026-09-06 19:01:42 INFO [app]: PO 6100894648 最終結果: User=董承堯, ePR=2607270121
2026-09-06 19:01:42 INFO [app]: 開始處理 PO: 6100894186
2026-09-06 19:01:42 INFO [app]: 查詢需求者，PO No: '6100894186'
2026-09-06 19:01:42 INFO [app]: Planned_Purchase CSV 欄位: ['Id', '開單狀態', 'WBS', '請購順序', '需求者', '請購項目', '需求原因', '總金額', '需求日', '已開單日期', 'ePR No.', '進度追蹤超連結', '備註', 'Status', '簽核中關卡', '報告路徑', '驗收路徑', '合作類別', '合作廠商', '前購單單號', '驗收狀態', 'PO No.', '主任簽核', '叔叔簽核']
2026-09-06 19:01:42 INFO [app]: 查詢結果數量: 0
2026-09-06 19:01:42 INFO [app]: 精確匹配失敗，嘗試部分匹配...
2026-09-06 19:01:42 INFO [app]: 部分匹配找到 PO 6100894186 的需求者: 王柏翰 -> 王柏翰
2026-09-06 19:01:42 INFO [app]: 查詢 ePR No.，PO No: '6100894186'
2026-09-06 19:01:42 INFO [app]: 從 Buyer_detail 查詢 (共 964 筆資料)
2026-09-06 19:01:42 INFO [app]: 將 PO No. 轉換為數字: 6100894186
2026-09-06 19:01:42 INFO [app]: 數字匹配查詢到 2 筆結果
2026-09-06 19:01:42 INFO [app]: 找到的 ePR No. 原始值: '2607100410', 類型: <class 'str'>
2026-09-06 19:01:42 INFO [app]: ✓ 在 Buyer_detail 找到 PO 6100894186 的 ePR No.: 2607100410
2026-09-06 19:01:42 INFO [app]: PO 6100894186 最終結果: User=王柏翰, ePR=2607100410
2026-09-06 19:01:42 INFO [app]: 開始處理 PO: 6100894186
2026-09-06 19:01:42 INFO [app]: 查詢需求者，PO No: '6100894186'
2026-09-06 19:01:42 INFO [app]: Planned_Purchase CSV 欄位: ['Id', '開單狀態', 'WBS', '請購順序', '需求者', '請購項目', '需求原因', '總金額', '需求日', '已開單日期', 'ePR No.', '進度追蹤超連結', '備註', 'Status', '簽核中關卡', '報告路徑', '驗收路徑', '合作類別', '合作廠商', '前購單單號', '驗收狀態', 'PO No.', '主任簽核', '叔叔簽核']
2026-09-06 19:01:42 INFO [app]: 查詢結果數量: 0
2026-09-06 19:01:42 INFO [app]: 精確匹配失敗，嘗試部分匹配...
2026-09-06 19:01:42 INFO [app]: 部分匹配找到 PO 6100894186 的需求者: 王柏翰 -> 王柏翰
2026-09-06 19:01:42 INFO [app]: 查詢 ePR No.，PO No: '6100894186'
2026-09-06 19:01:42 INFO [app]: 從 Buyer_detail 查詢 (共 964 筆資料)
2026-09-06 19:01:42 INFO [app]: 將 PO No. 轉換為數字: 6100894186
2026-09-06 19:01:42 INFO [app]: 數字匹配查詢到 2 筆結果
2026-09-06 19:01:42 INFO [app]: 找到的 ePR No. 原始值: '2607100410', 類型: <class 'str'>
2026-09-06 19:01:42 INFO [app]: ✓ 在 Buyer_detail 找到 PO 6100894186 的 ePR No.: 2607100410
2026-09-06 19:01:42 INFO [app]: PO 6100894186 最終結果: User=王柏翰, ePR=2607100410
2026-09-06 19:01:42 INFO [app]: 開始處理 PO: 6100894943
2026-09-06 19:01:42 INFO [app]: 查詢需求者，PO No: '6100894943'
2026-09-06 19:01:42 INFO [app]: Planned_Purchase CSV 欄位: ['Id', '開單狀態', 'WBS', '請購順序', '需求者', '請購項目', '需求原因', '總金額', '需求日', '已開單日期', 'ePR No.', '進度追蹤超連結', '備註', 'Status', '簽核中關卡', '報告路徑', '驗收路徑', '合作類別', '合作廠商', '前購單單號', '驗收狀態', 'PO No.', '主任簽核', '叔叔簽核']
2026-09-06 19:01:42 INFO [app]: 查詢結果數量: 0
2026-09-06 19:01:42 INFO [app]: 精確匹配失敗，嘗試部分匹配...
2026-09-06 19:01:42 INFO [app]: 部分匹配找到 PO 6100894943 的需求者: 王柏翰 -> 王柏翰
2026-09-06 19:01:42 INFO [app]: 查詢 ePR No.，PO No: '6100894943'
2026-09-06 19:01:42 INFO [app]: 從 Buyer_detail 查詢 (共 964 筆資料)
2026-09-06 19:01:42 INFO [app]: 將 PO No. 轉換為數字: 6100894943
2026-09-06 19:01:42 INFO [app]: 數字匹配查詢到 2 筆結果
2026-09-06 19:01:42 INFO [app]: 找到的 ePR No. 原始值: '2606300383', 類型: <class 'str'>
2026-09-06 19:01:42 INFO [app]: ✓ 在 Buyer_detail 找到 PO 6100894943 的 ePR No.: 2606300383
2026-09-06 19:01:42 INFO [app]: PO 6100894943 最終結果: User=王柏翰, ePR=2606300383
2026-09-06 19:01:42 INFO [app]: 開始處理 PO: 6100894943
2026-09-06 19:01:42 INFO [app]: 查詢需求者，PO No: '6100894943'
2026-09-06 19:01:42 INFO [app]: Planned_Purchase CSV 欄位: ['Id', '開單狀態', 'WBS', '請購順序', '需求者', '請購項目', '需求原因', '總金額', '需求日', '已開單日期', 'ePR No.', '進度追蹤超連結', '備註', 'Status', '簽核中關卡', '報告路徑', '驗收路徑', '合作類別', '合作廠商', '前購單單號', '驗收狀態', 'PO No.', '主任簽核', '叔叔簽核']
2026-09-06 19:01:42 INFO [app]: 查詢結果數量: 0
2026-09-06 19:01:42 INFO [app]: 精確匹配失敗，嘗試部分匹配...
2026-09-06 19:01:42 INFO [app]: 部分匹配找到 PO 6100894943 的需求者: 王柏翰 -> 王柏翰
2026-09-06 19:01:42 INFO [app]: 查詢 ePR No.，PO No: '6100894943'
2026-09-06 19:01:43 INFO [app]: 從 Buyer_detail 查詢 (共 964 筆資料)
2026-09-06 19:01:43 INFO [app]: 將 PO No. 轉換為數字: 6100894943
2026-09-06 19:01:43 INFO [app]: 數字匹配查詢到 2 筆結果
2026-09-06 19:01:43 INFO [app]: 找到的 ePR No. 原始值: '2606300383', 類型: <class 'str'>
2026-09-06 19:01:43 INFO [app]: ✓ 在 Buyer_detail 找到 PO 6100894943 的 ePR No.: 2606300383
2026-09-06 19:01:43 INFO [app]: PO 6100894943 最終結果: User=王柏翰, ePR=2606300383
2026-09-06 19:01:43 INFO [app]: 開始處理 PO: 6100894185
2026-09-06 19:01:43 INFO [app]: 查詢需求者，PO No: '6100894185'
2026-09-06 19:01:43 INFO [app]: Planned_Purchase CSV 欄位: ['Id', '開單狀態', 'WBS', '請購順序', '需求者', '請購項目', '需求原因', '總金額', '需求日', '已開單日期', 'ePR No.', '進度追蹤超連結', '備註', 'Status', '簽核中關卡', '報告路徑', '驗收路徑', '合作類別', '合作廠商', '前購單單號', '驗收狀態', 'PO No.', '主任簽核', '叔叔簽核']
2026-09-06 19:01:43 INFO [app]: 查詢結果數量: 0
2026-09-06 19:01:43 INFO [app]: 精確匹配失敗，嘗試部分匹配...
2026-09-06 19:01:43 INFO [app]: 部分匹配找到 PO 6100894185 的需求者: 王柏翰 -> 王柏翰
2026-09-06 19:01:43 INFO [app]: 查詢 ePR No.，PO No: '6100894185'
2026-09-06 19:01:43 INFO [app]: 從 Buyer_detail 查詢 (共 964 筆資料)
2026-09-06 19:01:43 INFO [app]: 將 PO No. 轉換為數字: 6100894185
2026-09-06 19:01:43 INFO [app]: 數字匹配查詢到 2 筆結果
2026-09-06 19:01:43 INFO [app]: 找到的 ePR No. 原始值: '2607100410', 類型: <class 'str'>
2026-09-06 19:01:43 INFO [app]: ✓ 在 Buyer_detail 找到 PO 6100894185 的 ePR No.: 2607100410
2026-09-06 19:01:43 INFO [app]: PO 6100894185 最終結果: User=王柏翰, ePR=2607100410
2026-09-06 19:01:43 INFO [app]: 開始處理 PO: 6100894185
2026-09-06 19:01:43 INFO [app]: 查詢需求者，PO No: '6100894185'
2026-09-06 19:01:43 INFO [app]: Planned_Purchase CSV 欄位: ['Id', '開單狀態', 'WBS', '請購順序', '需求者', '請購項目', '需求原因', '總金額', '需求日', '已開單日期', 'ePR No.', '進度追蹤超連結', '備註', 'Status', '簽核中關卡', '報告路徑', '驗收路徑', '合作類別', '合作廠商', '前購單單號', '驗收狀態', 'PO No.', '主任簽核', '叔叔簽核']
2026-09-06 19:01:43 INFO [app]: 查詢結果數量: 0
2026-09-06 19:01:43 INFO [app]: 精確匹配失敗，嘗試部分匹配...
2026-09-06 19:01:43 INFO [app]: 部分匹配找到 PO 6100894185 的需求者: 王柏翰 -> 王柏翰
2026-09-06 19:01:43 INFO [app]: 查詢 ePR No.，PO No: '6100894185'
2026-09-06 19:01:43 INFO [app]: 從 Buyer_detail 查詢 (共 964 筆資料)
2026-09-06 19:01:43 INFO [app]: 將 PO No. 轉換為數字: 6100894185
2026-09-06 19:01:43 INFO [app]: 數字匹配查詢到 2 筆結果
2026-09-06 19:01:43 INFO [app]: 找到的 ePR No. 原始值: '2607100410', 類型: <class 'str'>
2026-09-06 19:01:43 INFO [app]: ✓ 在 Buyer_detail 找到 PO 6100894185 的 ePR No.: 2607100410
2026-09-06 19:01:43 INFO [app]: PO 6100894185 最終結果: User=王柏翰, ePR=2607100410
2026-09-06 19:01:43 INFO [app]: 開始處理 PO: 6100894201
2026-09-06 19:01:43 INFO [app]: 查詢需求者，PO No: '6100894201'
2026-09-06 19:01:43 INFO [app]: Planned_Purchase CSV 欄位: ['Id', '開單狀態', 'WBS', '請購順序', '需求者', '請購項目', '需求原因', '總金額', '需求日', '已開單日期', 'ePR No.', '進度追蹤超連結', '備註', 'Status', '簽核中關卡', '報告路徑', '驗收路徑', '合作類別', '合作廠商', '前購單單號', '驗收狀態', 'PO No.', '主任簽核', '叔叔簽核']
2026-09-06 19:01:43 INFO [app]: 查詢結果數量: 0
2026-09-06 19:01:43 INFO [app]: 精確匹配失敗，嘗試部分匹配...
2026-09-06 19:01:43 INFO [app]: 部分匹配找到 PO 6100894201 的需求者: 趙祥富 -> 趙祥富
2026-09-06 19:01:43 INFO [app]: 查詢 ePR No.，PO No: '6100894201'
2026-09-06 19:01:43 INFO [app]: 從 Buyer_detail 查詢 (共 964 筆資料)
2026-09-06 19:01:43 INFO [app]: 將 PO No. 轉換為數字: 6100894201
2026-09-06 19:01:43 INFO [app]: 數字匹配查詢到 1 筆結果
2026-09-06 19:01:43 INFO [app]: 找到的 ePR No. 原始值: '2607200416', 類型: <class 'str'>
2026-09-06 19:01:43 INFO [app]: ✓ 在 Buyer_detail 找到 PO 6100894201 的 ePR No.: 2607200416
2026-09-06 19:01:43 INFO [app]: PO 6100894201 最終結果: User=趙祥富, ePR=2607200416
2026-09-06 19:01:43 INFO [app]: 回傳完整結果: {'6100894549': {'user': '黃郁文', 'eprNo': '2607200420'}, '6100879053': {'user': '周彥良', 'eprNo': '2604200143'}, '6100894648': {'user': '董承堯', 'eprNo': '2607270121'}, '6100894944': {'user': '王柏翰', 'eprNo': '2606300383'}, '6100894186': {'user': '王柏翰', 'eprNo': '2607100410'}, '6100894943': {'user': '王柏翰', 'eprNo': '2606300383'}, '6100894185': {'user': '王柏翰', 'eprNo': '2607100410'}, '6100894201': {'user': '趙祥富', 'eprNo': '2607200416'}}
2026-09-06 19:15:23 INFO [app]: 🔄 Log 系統已啟動（設定檔：D:\網頁\預計請購_20220530-w03上版\config.ini，輪轉週期：7 天，保留 52 份）
2026-09-06 19:15:26 INFO [app]: 🔄 Log 系統已啟動（設定檔：D:\網頁\預計請購_20220530-w03上版\config.ini，輪轉週期：7 天，保留 52 份）
2026-09-06 19:15:27 INFO [app]: 🔄 Log 系統已啟動（設定檔：D:\網頁\預計請購_20220530-w03上版\config.ini，輪轉週期：7 天，保留 52 份）
2026-09-06 19:15:33 ERROR [app]: 讀取備註選項失敗: name 'ACC_MAIL_DATA_FILE' is not defined
2026-09-06 19:15:33 ERROR [app]: Traceback (most recent call last):
  File "D:\網頁\預計請購_20220530-w03上版\app.py", line 6356, in get_acc_mail_remarks
    with FileLock(ACC_MAIL_DATA_FILE + '.lock', timeout=10):
NameError: name 'ACC_MAIL_DATA_FILE' is not defined

2026-09-06 19:15:33 INFO [app]: 收到查詢請求，PO 號碼: ['6100894549', '6100879053', '6100894648', '6100894648', '6100894944', '6100894648', '6100894186', '6100894186', '6100894943', '6100894943', '6100894185', '6100894185', '6100894201']
2026-09-06 19:15:33 INFO [app]: buyer_detail_df 狀態: 已載入
2026-09-06 19:15:33 INFO [app]: planned_purchase_df 狀態: 已載入
2026-09-06 19:15:33 INFO [app]: Buyer_detail 資料筆數: 964
2026-09-06 19:15:33 INFO [app]: Buyer_detail 欄位: ['Id', '開單狀態', '交貨驗證', 'User', 'ePR No.', 'PO No.', 'Item', '品項', '規格', '數量', '總數', '單價', '總價', '備註', '字數', 'isEditing', 'backup', '_alertedItemLimit', 'Delivery Date 廠商承諾交期', 'SOD Qty 廠商承諾數量', '驗收數量', '拒收數量', '發票月份', 'WBS', '需求日', 'RT金額', 'RT總金額', '驗收狀態']
2026-09-06 19:15:33 INFO [app]: Buyer_detail 前3筆 PO No.: [nan, '6100805547', '6100805547']
2026-09-06 19:15:33 INFO [app]: Planned_purchase 資料筆數: 384
2026-09-06 19:15:33 INFO [app]: Planned_purchase 欄位: ['Id', '開單狀態', 'WBS', '請購順序', '需求者', '請購項目', '需求原因', '總金額', '需求日', '已開單日期', 'ePR No.', '進度追蹤超連結', '備註', 'Status', '簽核中關卡', '報告路徑', '驗收路徑', '合作類別', '合作廠商', '前購單單號', '驗收狀態', 'PO No.', '主任簽核', '叔叔簽核']
2026-09-06 19:15:33 INFO [app]: Planned_purchase 前3筆 PO No.: ['6100793959<br />6100793960', '6100794178', '6100793173']
2026-09-06 19:15:33 INFO [app]: 開始處理 PO: 6100894549
2026-09-06 19:15:33 INFO [app]: 查詢需求者，PO No: '6100894549'
2026-09-06 19:15:33 INFO [app]: Planned_Purchase CSV 欄位: ['Id', '開單狀態', 'WBS', '請購順序', '需求者', '請購項目', '需求原因', '總金額', '需求日', '已開單日期', 'ePR No.', '進度追蹤超連結', '備註', 'Status', '簽核中關卡', '報告路徑', '驗收路徑', '合作類別', '合作廠商', '前購單單號', '驗收狀態', 'PO No.', '主任簽核', '叔叔簽核']
2026-09-06 19:15:33 INFO [app]: 查詢結果數量: 1
2026-09-06 19:15:33 INFO [app]: 找到 PO 6100894549 的需求者: 黃郁文 -> 黃郁文
2026-09-06 19:15:33 INFO [app]: 查詢 ePR No.，PO No: '6100894549'
2026-09-06 19:15:33 INFO [app]: 從 Buyer_detail 查詢 (共 964 筆資料)
2026-09-06 19:15:33 INFO [app]: 將 PO No. 轉換為數字: 6100894549
2026-09-06 19:15:33 INFO [app]: 數字匹配查詢到 1 筆結果
2026-09-06 19:15:33 INFO [app]: 找到的 ePR No. 原始值: '2607200420', 類型: <class 'str'>
2026-09-06 19:15:33 INFO [app]: ✓ 在 Buyer_detail 找到 PO 6100894549 的 ePR No.: 2607200420
2026-09-06 19:15:33 INFO [app]: PO 6100894549 最終結果: User=黃郁文, ePR=2607200420
2026-09-06 19:15:33 INFO [app]: 開始處理 PO: 6100879053
2026-09-06 19:15:33 INFO [app]: 查詢需求者，PO No: '6100879053'
2026-09-06 19:15:33 INFO [app]: Planned_Purchase CSV 欄位: ['Id', '開單狀態', 'WBS', '請購順序', '需求者', '請購項目', '需求原因', '總金額', '需求日', '已開單日期', 'ePR No.', '進度追蹤超連結', '備註', 'Status', '簽核中關卡', '報告路徑', '驗收路徑', '合作類別', '合作廠商', '前購單單號', '驗收狀態', 'PO No.', '主任簽核', '叔叔簽核']
2026-09-06 19:15:33 INFO [app]: 查詢結果數量: 1
2026-09-06 19:15:33 INFO [app]: 找到 PO 6100879053 的需求者: 周彥良 -> 周彥良
2026-09-06 19:15:33 INFO [app]: 查詢 ePR No.，PO No: '6100879053'
2026-09-06 19:15:33 INFO [app]: 從 Buyer_detail 查詢 (共 964 筆資料)
2026-09-06 19:15:33 INFO [app]: 將 PO No. 轉換為數字: 6100879053
2026-09-06 19:15:33 INFO [app]: 數字匹配查詢到 1 筆結果
2026-09-06 19:15:33 INFO [app]: 找到的 ePR No. 原始值: '2604200143', 類型: <class 'str'>
2026-09-06 19:15:33 INFO [app]: ✓ 在 Buyer_detail 找到 PO 6100879053 的 ePR No.: 2604200143
2026-09-06 19:15:33 INFO [app]: PO 6100879053 最終結果: User=周彥良, ePR=2604200143
2026-09-06 19:15:33 INFO [app]: 開始處理 PO: 6100894648
2026-09-06 19:15:33 INFO [app]: 查詢需求者，PO No: '6100894648'
2026-09-06 19:15:33 INFO [app]: Planned_Purchase CSV 欄位: ['Id', '開單狀態', 'WBS', '請購順序', '需求者', '請購項目', '需求原因', '總金額', '需求日', '已開單日期', 'ePR No.', '進度追蹤超連結', '備註', 'Status', '簽核中關卡', '報告路徑', '驗收路徑', '合作類別', '合作廠商', '前購單單號', '驗收狀態', 'PO No.', '主任簽核', '叔叔簽核']
2026-09-06 19:15:33 INFO [app]: 查詢結果數量: 0
2026-09-06 19:15:33 INFO [app]: 精確匹配失敗，嘗試部分匹配...
2026-09-06 19:15:33 INFO [app]: 部分匹配找到 PO 6100894648 的需求者: 董承堯 -> 董承堯
2026-09-06 19:15:33 INFO [app]: 查詢 ePR No.，PO No: '6100894648'
2026-09-06 19:15:33 INFO [app]: 從 Buyer_detail 查詢 (共 964 筆資料)
2026-09-06 19:15:33 INFO [app]: 將 PO No. 轉換為數字: 6100894648
2026-09-06 19:15:33 INFO [app]: 數字匹配查詢到 3 筆結果
2026-09-06 19:15:33 INFO [app]: 找到的 ePR No. 原始值: '2607270121', 類型: <class 'str'>
2026-09-06 19:15:33 INFO [app]: ✓ 在 Buyer_detail 找到 PO 6100894648 的 ePR No.: 2607270121
2026-09-06 19:15:33 INFO [app]: PO 6100894648 最終結果: User=董承堯, ePR=2607270121
2026-09-06 19:15:33 INFO [app]: 開始處理 PO: 6100894648
2026-09-06 19:15:33 INFO [app]: 查詢需求者，PO No: '6100894648'
2026-09-06 19:15:33 INFO [app]: Planned_Purchase CSV 欄位: ['Id', '開單狀態', 'WBS', '請購順序', '需求者', '請購項目', '需求原因', '總金額', '需求日', '已開單日期', 'ePR No.', '進度追蹤超連結', '備註', 'Status', '簽核中關卡', '報告路徑', '驗收路徑', '合作類別', '合作廠商', '前購單單號', '驗收狀態', 'PO No.', '主任簽核', '叔叔簽核']
2026-09-06 19:15:33 INFO [app]: 查詢結果數量: 0
2026-09-06 19:15:33 INFO [app]: 精確匹配失敗，嘗試部分匹配...
2026-09-06 19:15:33 INFO [app]: 部分匹配找到 PO 6100894648 的需求者: 董承堯 -> 董承堯
2026-09-06 19:15:33 INFO [app]: 查詢 ePR No.，PO No: '6100894648'
2026-09-06 19:15:33 INFO [app]: 從 Buyer_detail 查詢 (共 964 筆資料)
2026-09-06 19:15:33 INFO [app]: 將 PO No. 轉換為數字: 6100894648
2026-09-06 19:15:33 INFO [app]: 數字匹配查詢到 3 筆結果
2026-09-06 19:15:33 INFO [app]: 找到的 ePR No. 原始值: '2607270121', 類型: <class 'str'>
2026-09-06 19:15:33 INFO [app]: ✓ 在 Buyer_detail 找到 PO 6100894648 的 ePR No.: 2607270121
2026-09-06 19:15:33 INFO [app]: PO 6100894648 最終結果: User=董承堯, ePR=2607270121
2026-09-06 19:15:33 INFO [app]: 開始處理 PO: 6100894944
2026-09-06 19:15:33 INFO [app]: 查詢需求者，PO No: '6100894944'
2026-09-06 19:15:33 INFO [app]: Planned_Purchase CSV 欄位: ['Id', '開單狀態', 'WBS', '請購順序', '需求者', '請購項目', '需求原因', '總金額', '需求日', '已開單日期', 'ePR No.', '進度追蹤超連結', '備註', 'Status', '簽核中關卡', '報告路徑', '驗收路徑', '合作類別', '合作廠商', '前購單單號', '驗收狀態', 'PO No.', '主任簽核', '叔叔簽核']
2026-09-06 19:15:33 INFO [app]: 查詢結果數量: 0
2026-09-06 19:15:33 INFO [app]: 精確匹配失敗，嘗試部分匹配...
2026-09-06 19:15:33 INFO [app]: 部分匹配找到 PO 6100894944 的需求者: 王柏翰 -> 王柏翰
2026-09-06 19:15:33 INFO [app]: 查詢 ePR No.，PO No: '6100894944'
2026-09-06 19:15:33 INFO [app]: 從 Buyer_detail 查詢 (共 964 筆資料)
2026-09-06 19:15:33 INFO [app]: 將 PO No. 轉換為數字: 6100894944
2026-09-06 19:15:33 INFO [app]: 數字匹配查詢到 1 筆結果
2026-09-06 19:15:33 INFO [app]: 找到的 ePR No. 原始值: '2606300383', 類型: <class 'str'>
2026-09-06 19:15:33 INFO [app]: ✓ 在 Buyer_detail 找到 PO 6100894944 的 ePR No.: 2606300383
2026-09-06 19:15:33 INFO [app]: PO 6100894944 最終結果: User=王柏翰, ePR=2606300383
2026-09-06 19:15:33 INFO [app]: 開始處理 PO: 6100894648
2026-09-06 19:15:33 INFO [app]: 查詢需求者，PO No: '6100894648'
2026-09-06 19:15:33 INFO [app]: Planned_Purchase CSV 欄位: ['Id', '開單狀態', 'WBS', '請購順序', '需求者', '請購項目', '需求原因', '總金額', '需求日', '已開單日期', 'ePR No.', '進度追蹤超連結', '備註', 'Status', '簽核中關卡', '報告路徑', '驗收路徑', '合作類別', '合作廠商', '前購單單號', '驗收狀態', 'PO No.', '主任簽核', '叔叔簽核']
2026-09-06 19:15:33 INFO [app]: 查詢結果數量: 0
2026-09-06 19:15:33 INFO [app]: 精確匹配失敗，嘗試部分匹配...
2026-09-06 19:15:33 INFO [app]: 部分匹配找到 PO 6100894648 的需求者: 董承堯 -> 董承堯
2026-09-06 19:15:33 INFO [app]: 查詢 ePR No.，PO No: '6100894648'
2026-09-06 19:15:34 INFO [app]: 從 Buyer_detail 查詢 (共 964 筆資料)
2026-09-06 19:15:34 INFO [app]: 將 PO No. 轉換為數字: 6100894648
2026-09-06 19:15:34 INFO [app]: 數字匹配查詢到 3 筆結果
2026-09-06 19:15:34 INFO [app]: 找到的 ePR No. 原始值: '2607270121', 類型: <class 'str'>
2026-09-06 19:15:34 INFO [app]: ✓ 在 Buyer_detail 找到 PO 6100894648 的 ePR No.: 2607270121
2026-09-06 19:15:34 INFO [app]: PO 6100894648 最終結果: User=董承堯, ePR=2607270121
2026-09-06 19:15:34 INFO [app]: 開始處理 PO: 6100894186
2026-09-06 19:15:34 INFO [app]: 查詢需求者，PO No: '6100894186'
2026-09-06 19:15:34 INFO [app]: Planned_Purchase CSV 欄位: ['Id', '開單狀態', 'WBS', '請購順序', '需求者', '請購項目', '需求原因', '總金額', '需求日', '已開單日期', 'ePR No.', '進度追蹤超連結', '備註', 'Status', '簽核中關卡', '報告路徑', '驗收路徑', '合作類別', '合作廠商', '前購單單號', '驗收狀態', 'PO No.', '主任簽核', '叔叔簽核']
2026-09-06 19:15:34 INFO [app]: 查詢結果數量: 0
2026-09-06 19:15:34 INFO [app]: 精確匹配失敗，嘗試部分匹配...
2026-09-06 19:15:34 INFO [app]: 部分匹配找到 PO 6100894186 的需求者: 王柏翰 -> 王柏翰
2026-09-06 19:15:34 INFO [app]: 查詢 ePR No.，PO No: '6100894186'
2026-09-06 19:15:34 INFO [app]: 從 Buyer_detail 查詢 (共 964 筆資料)
2026-09-06 19:15:34 INFO [app]: 將 PO No. 轉換為數字: 6100894186
2026-09-06 19:15:34 INFO [app]: 數字匹配查詢到 2 筆結果
2026-09-06 19:15:34 INFO [app]: 找到的 ePR No. 原始值: '2607100410', 類型: <class 'str'>
2026-09-06 19:15:34 INFO [app]: ✓ 在 Buyer_detail 找到 PO 6100894186 的 ePR No.: 2607100410
2026-09-06 19:15:34 INFO [app]: PO 6100894186 最終結果: User=王柏翰, ePR=2607100410
2026-09-06 19:15:34 INFO [app]: 開始處理 PO: 6100894186
2026-09-06 19:15:34 INFO [app]: 查詢需求者，PO No: '6100894186'
2026-09-06 19:15:34 INFO [app]: Planned_Purchase CSV 欄位: ['Id', '開單狀態', 'WBS', '請購順序', '需求者', '請購項目', '需求原因', '總金額', '需求日', '已開單日期', 'ePR No.', '進度追蹤超連結', '備註', 'Status', '簽核中關卡', '報告路徑', '驗收路徑', '合作類別', '合作廠商', '前購單單號', '驗收狀態', 'PO No.', '主任簽核', '叔叔簽核']
2026-09-06 19:15:34 INFO [app]: 查詢結果數量: 0
2026-09-06 19:15:34 INFO [app]: 精確匹配失敗，嘗試部分匹配...
2026-09-06 19:15:34 INFO [app]: 部分匹配找到 PO 6100894186 的需求者: 王柏翰 -> 王柏翰
2026-09-06 19:15:34 INFO [app]: 查詢 ePR No.，PO No: '6100894186'
2026-09-06 19:15:34 INFO [app]: 從 Buyer_detail 查詢 (共 964 筆資料)
2026-09-06 19:15:34 INFO [app]: 將 PO No. 轉換為數字: 6100894186
2026-09-06 19:15:34 INFO [app]: 數字匹配查詢到 2 筆結果
2026-09-06 19:15:34 INFO [app]: 找到的 ePR No. 原始值: '2607100410', 類型: <class 'str'>
2026-09-06 19:15:34 INFO [app]: ✓ 在 Buyer_detail 找到 PO 6100894186 的 ePR No.: 2607100410
2026-09-06 19:15:34 INFO [app]: PO 6100894186 最終結果: User=王柏翰, ePR=2607100410
2026-09-06 19:15:34 INFO [app]: 開始處理 PO: 6100894943
2026-09-06 19:15:34 INFO [app]: 查詢需求者，PO No: '6100894943'
2026-09-06 19:15:34 INFO [app]: Planned_Purchase CSV 欄位: ['Id', '開單狀態', 'WBS', '請購順序', '需求者', '請購項目', '需求原因', '總金額', '需求日', '已開單日期', 'ePR No.', '進度追蹤超連結', '備註', 'Status', '簽核中關卡', '報告路徑', '驗收路徑', '合作類別', '合作廠商', '前購單單號', '驗收狀態', 'PO No.', '主任簽核', '叔叔簽核']
2026-09-06 19:15:34 INFO [app]: 查詢結果數量: 0
2026-09-06 19:15:34 INFO [app]: 精確匹配失敗，嘗試部分匹配...
2026-09-06 19:15:34 INFO [app]: 部分匹配找到 PO 6100894943 的需求者: 王柏翰 -> 王柏翰
2026-09-06 19:15:34 INFO [app]: 查詢 ePR No.，PO No: '6100894943'
2026-09-06 19:15:34 INFO [app]: 從 Buyer_detail 查詢 (共 964 筆資料)
2026-09-06 19:15:34 INFO [app]: 將 PO No. 轉換為數字: 6100894943
2026-09-06 19:15:34 INFO [app]: 數字匹配查詢到 2 筆結果
2026-09-06 19:15:34 INFO [app]: 找到的 ePR No. 原始值: '2606300383', 類型: <class 'str'>
2026-09-06 19:15:34 INFO [app]: ✓ 在 Buyer_detail 找到 PO 6100894943 的 ePR No.: 2606300383
2026-09-06 19:15:34 INFO [app]: PO 6100894943 最終結果: User=王柏翰, ePR=2606300383
2026-09-06 19:15:34 INFO [app]: 開始處理 PO: 6100894943
2026-09-06 19:15:34 INFO [app]: 查詢需求者，PO No: '6100894943'
2026-09-06 19:15:34 INFO [app]: Planned_Purchase CSV 欄位: ['Id', '開單狀態', 'WBS', '請購順序', '需求者', '請購項目', '需求原因', '總金額', '需求日', '已開單日期', 'ePR No.', '進度追蹤超連結', '備註', 'Status', '簽核中關卡', '報告路徑', '驗收路徑', '合作類別', '合作廠商', '前購單單號', '驗收狀態', 'PO No.', '主任簽核', '叔叔簽核']
2026-09-06 19:15:34 INFO [app]: 查詢結果數量: 0
2026-09-06 19:15:34 INFO [app]: 精確匹配失敗，嘗試部分匹配...
2026-09-06 19:15:34 INFO [app]: 部分匹配找到 PO 6100894943 的需求者: 王柏翰 -> 王柏翰
2026-09-06 19:15:34 INFO [app]: 查詢 ePR No.，PO No: '6100894943'
2026-09-06 19:15:34 INFO [app]: 從 Buyer_detail 查詢 (共 964 筆資料)
2026-09-06 19:15:34 INFO [app]: 將 PO No. 轉換為數字: 6100894943
2026-09-06 19:15:34 INFO [app]: 數字匹配查詢到 2 筆結果
2026-09-06 19:15:34 INFO [app]: 找到的 ePR No. 原始值: '2606300383', 類型: <class 'str'>
2026-09-06 19:15:34 INFO [app]: ✓ 在 Buyer_detail 找到 PO 6100894943 的 ePR No.: 2606300383
2026-09-06 19:15:34 INFO [app]: PO 6100894943 最終結果: User=王柏翰, ePR=2606300383
2026-09-06 19:15:34 INFO [app]: 開始處理 PO: 6100894185
2026-09-06 19:15:34 INFO [app]: 查詢需求者，PO No: '6100894185'
2026-09-06 19:15:34 INFO [app]: Planned_Purchase CSV 欄位: ['Id', '開單狀態', 'WBS', '請購順序', '需求者', '請購項目', '需求原因', '總金額', '需求日', '已開單日期', 'ePR No.', '進度追蹤超連結', '備註', 'Status', '簽核中關卡', '報告路徑', '驗收路徑', '合作類別', '合作廠商', '前購單單號', '驗收狀態', 'PO No.', '主任簽核', '叔叔簽核']
2026-09-06 19:15:34 INFO [app]: 查詢結果數量: 0
2026-09-06 19:15:34 INFO [app]: 精確匹配失敗，嘗試部分匹配...
2026-09-06 19:15:34 INFO [app]: 部分匹配找到 PO 6100894185 的需求者: 王柏翰 -> 王柏翰
2026-09-06 19:15:34 INFO [app]: 查詢 ePR No.，PO No: '6100894185'
2026-09-06 19:15:34 INFO [app]: 從 Buyer_detail 查詢 (共 964 筆資料)
2026-09-06 19:15:34 INFO [app]: 將 PO No. 轉換為數字: 6100894185
2026-09-06 19:15:34 INFO [app]: 數字匹配查詢到 2 筆結果
2026-09-06 19:15:34 INFO [app]: 找到的 ePR No. 原始值: '2607100410', 類型: <class 'str'>
2026-09-06 19:15:34 INFO [app]: ✓ 在 Buyer_detail 找到 PO 6100894185 的 ePR No.: 2607100410
2026-09-06 19:15:34 INFO [app]: PO 6100894185 最終結果: User=王柏翰, ePR=2607100410
2026-09-06 19:15:34 INFO [app]: 開始處理 PO: 6100894185
2026-09-06 19:15:34 INFO [app]: 查詢需求者，PO No: '6100894185'
2026-09-06 19:15:34 INFO [app]: Planned_Purchase CSV 欄位: ['Id', '開單狀態', 'WBS', '請購順序', '需求者', '請購項目', '需求原因', '總金額', '需求日', '已開單日期', 'ePR No.', '進度追蹤超連結', '備註', 'Status', '簽核中關卡', '報告路徑', '驗收路徑', '合作類別', '合作廠商', '前購單單號', '驗收狀態', 'PO No.', '主任簽核', '叔叔簽核']
2026-09-06 19:15:34 INFO [app]: 查詢結果數量: 0
2026-09-06 19:15:34 INFO [app]: 精確匹配失敗，嘗試部分匹配...
2026-09-06 19:15:34 INFO [app]: 部分匹配找到 PO 6100894185 的需求者: 王柏翰 -> 王柏翰
2026-09-06 19:15:34 INFO [app]: 查詢 ePR No.，PO No: '6100894185'
2026-09-06 19:15:34 INFO [app]: 從 Buyer_detail 查詢 (共 964 筆資料)
2026-09-06 19:15:34 INFO [app]: 將 PO No. 轉換為數字: 6100894185
2026-09-06 19:15:34 INFO [app]: 數字匹配查詢到 2 筆結果
2026-09-06 19:15:34 INFO [app]: 找到的 ePR No. 原始值: '2607100410', 類型: <class 'str'>
2026-09-06 19:15:34 INFO [app]: ✓ 在 Buyer_detail 找到 PO 6100894185 的 ePR No.: 2607100410
2026-09-06 19:15:34 INFO [app]: PO 6100894185 最終結果: User=王柏翰, ePR=2607100410
2026-09-06 19:15:34 INFO [app]: 開始處理 PO: 6100894201
2026-09-06 19:15:34 INFO [app]: 查詢需求者，PO No: '6100894201'
2026-09-06 19:15:34 INFO [app]: Planned_Purchase CSV 欄位: ['Id', '開單狀態', 'WBS', '請購順序', '需求者', '請購項目', '需求原因', '總金額', '需求日', '已開單日期', 'ePR No.', '進度追蹤超連結', '備註', 'Status', '簽核中關卡', '報告路徑', '驗收路徑', '合作類別', '合作廠商', '前購單單號', '驗收狀態', 'PO No.', '主任簽核', '叔叔簽核']
2026-09-06 19:15:34 INFO [app]: 查詢結果數量: 0
2026-09-06 19:15:34 INFO [app]: 精確匹配失敗，嘗試部分匹配...
2026-09-06 19:15:34 INFO [app]: 部分匹配找到 PO 6100894201 的需求者: 趙祥富 -> 趙祥富
2026-09-06 19:15:34 INFO [app]: 查詢 ePR No.，PO No: '6100894201'
2026-09-06 19:15:34 INFO [app]: 從 Buyer_detail 查詢 (共 964 筆資料)
2026-09-06 19:15:34 INFO [app]: 將 PO No. 轉換為數字: 6100894201
2026-09-06 19:15:34 INFO [app]: 數字匹配查詢到 1 筆結果
2026-09-06 19:15:34 INFO [app]: 找到的 ePR No. 原始值: '2607200416', 類型: <class 'str'>
2026-09-06 19:15:34 INFO [app]: ✓ 在 Buyer_detail 找到 PO 6100894201 的 ePR No.: 2607200416
2026-09-06 19:15:34 INFO [app]: PO 6100894201 最終結果: User=趙祥富, ePR=2607200416
2026-09-06 19:15:34 INFO [app]: 回傳完整結果: {'6100894549': {'user': '黃郁文', 'eprNo': '2607200420'}, '6100879053': {'user': '周彥良', 'eprNo': '2604200143'}, '6100894648': {'user': '董承堯', 'eprNo': '2607270121'}, '6100894944': {'user': '王柏翰', 'eprNo': '2606300383'}, '6100894186': {'user': '王柏翰', 'eprNo': '2607100410'}, '6100894943': {'user': '王柏翰', 'eprNo': '2606300383'}, '6100894185': {'user': '王柏翰', 'eprNo': '2607100410'}, '6100894201': {'user': '趙祥富', 'eprNo': '2607200416'}}
2026-09-06 19:15:59 INFO [app]: 🔄 Log 系統已啟動（設定檔：D:\網頁\預計請購_20220530-w03上版\config.ini，輪轉週期：7 天，保留 52 份）
2026-09-06 19:16:01 INFO [app]: 收到查詢請求，PO 號碼: ['6100894549', '6100879053', '6100894648', '6100894648', '6100894944', '6100894648', '6100894186', '6100894186', '6100894943', '6100894943', '6100894185', '6100894185', '6100894201']
2026-09-06 19:16:01 INFO [app]: buyer_detail_df 狀態: 已載入
2026-09-06 19:16:01 INFO [app]: planned_purchase_df 狀態: 已載入
2026-09-06 19:16:01 INFO [app]: Buyer_detail 資料筆數: 964
2026-09-06 19:16:01 INFO [app]: Buyer_detail 欄位: ['Id', '開單狀態', '交貨驗證', 'User', 'ePR No.', 'PO No.', 'Item', '品項', '規格', '數量', '總數', '單價', '總價', '備註', '字數', 'isEditing', 'backup', '_alertedItemLimit', 'Delivery Date 廠商承諾交期', 'SOD Qty 廠商承諾數量', '驗收數量', '拒收數量', '發票月份', 'WBS', '需求日', 'RT金額', 'RT總金額', '驗收狀態']
2026-09-06 19:16:01 INFO [app]: Buyer_detail 前3筆 PO No.: [nan, '6100805547', '6100805547']
2026-09-06 19:16:01 INFO [app]: Planned_purchase 資料筆數: 384
2026-09-06 19:16:01 INFO [app]: Planned_purchase 欄位: ['Id', '開單狀態', 'WBS', '請購順序', '需求者', '請購項目', '需求原因', '總金額', '需求日', '已開單日期', 'ePR No.', '進度追蹤超連結', '備註', 'Status', '簽核中關卡', '報告路徑', '驗收路徑', '合作類別', '合作廠商', '前購單單號', '驗收狀態', 'PO No.', '主任簽核', '叔叔簽核']
2026-09-06 19:16:01 INFO [app]: Planned_purchase 前3筆 PO No.: ['6100793959<br />6100793960', '6100794178', '6100793173']
2026-09-06 19:16:01 INFO [app]: 開始處理 PO: 6100894549
2026-09-06 19:16:01 INFO [app]: 查詢需求者，PO No: '6100894549'
2026-09-06 19:16:01 INFO [app]: Planned_Purchase CSV 欄位: ['Id', '開單狀態', 'WBS', '請購順序', '需求者', '請購項目', '需求原因', '總金額', '需求日', '已開單日期', 'ePR No.', '進度追蹤超連結', '備註', 'Status', '簽核中關卡', '報告路徑', '驗收路徑', '合作類別', '合作廠商', '前購單單號', '驗收狀態', 'PO No.', '主任簽核', '叔叔簽核']
2026-09-06 19:16:01 INFO [app]: 查詢結果數量: 1
2026-09-06 19:16:01 INFO [app]: 找到 PO 6100894549 的需求者: 黃郁文 -> 黃郁文
2026-09-06 19:16:01 INFO [app]: 查詢 ePR No.，PO No: '6100894549'
2026-09-06 19:16:01 INFO [app]: 從 Buyer_detail 查詢 (共 964 筆資料)
2026-09-06 19:16:01 INFO [app]: 將 PO No. 轉換為數字: 6100894549
2026-09-06 19:16:01 INFO [app]: 數字匹配查詢到 1 筆結果
2026-09-06 19:16:01 INFO [app]: 找到的 ePR No. 原始值: '2607200420', 類型: <class 'str'>
2026-09-06 19:16:01 INFO [app]: ✓ 在 Buyer_detail 找到 PO 6100894549 的 ePR No.: 2607200420
2026-09-06 19:16:01 INFO [app]: PO 6100894549 最終結果: User=黃郁文, ePR=2607200420
2026-09-06 19:16:01 INFO [app]: 開始處理 PO: 6100879053
2026-09-06 19:16:01 INFO [app]: 查詢需求者，PO No: '6100879053'
2026-09-06 19:16:01 INFO [app]: Planned_Purchase CSV 欄位: ['Id', '開單狀態', 'WBS', '請購順序', '需求者', '請購項目', '需求原因', '總金額', '需求日', '已開單日期', 'ePR No.', '進度追蹤超連結', '備註', 'Status', '簽核中關卡', '報告路徑', '驗收路徑', '合作類別', '合作廠商', '前購單單號', '驗收狀態', 'PO No.', '主任簽核', '叔叔簽核']
2026-09-06 19:16:01 INFO [app]: 查詢結果數量: 1
2026-09-06 19:16:01 INFO [app]: 找到 PO 6100879053 的需求者: 周彥良 -> 周彥良
2026-09-06 19:16:01 INFO [app]: 查詢 ePR No.，PO No: '6100879053'
2026-09-06 19:16:01 INFO [app]: 從 Buyer_detail 查詢 (共 964 筆資料)
2026-09-06 19:16:01 INFO [app]: 將 PO No. 轉換為數字: 6100879053
2026-09-06 19:16:01 INFO [app]: 數字匹配查詢到 1 筆結果
2026-09-06 19:16:01 INFO [app]: 找到的 ePR No. 原始值: '2604200143', 類型: <class 'str'>
2026-09-06 19:16:01 INFO [app]: ✓ 在 Buyer_detail 找到 PO 6100879053 的 ePR No.: 2604200143
2026-09-06 19:16:01 INFO [app]: PO 6100879053 最終結果: User=周彥良, ePR=2604200143
2026-09-06 19:16:01 INFO [app]: 開始處理 PO: 6100894648
2026-09-06 19:16:01 INFO [app]: 查詢需求者，PO No: '6100894648'
2026-09-06 19:16:01 INFO [app]: Planned_Purchase CSV 欄位: ['Id', '開單狀態', 'WBS', '請購順序', '需求者', '請購項目', '需求原因', '總金額', '需求日', '已開單日期', 'ePR No.', '進度追蹤超連結', '備註', 'Status', '簽核中關卡', '報告路徑', '驗收路徑', '合作類別', '合作廠商', '前購單單號', '驗收狀態', 'PO No.', '主任簽核', '叔叔簽核']
2026-09-06 19:16:01 INFO [app]: 查詢結果數量: 0
2026-09-06 19:16:01 INFO [app]: 精確匹配失敗，嘗試部分匹配...
2026-09-06 19:16:01 INFO [app]: 部分匹配找到 PO 6100894648 的需求者: 董承堯 -> 董承堯
2026-09-06 19:16:01 INFO [app]: 查詢 ePR No.，PO No: '6100894648'
2026-09-06 19:16:01 INFO [app]: 從 Buyer_detail 查詢 (共 964 筆資料)
2026-09-06 19:16:01 INFO [app]: 將 PO No. 轉換為數字: 6100894648
2026-09-06 19:16:01 INFO [app]: 數字匹配查詢到 3 筆結果
2026-09-06 19:16:01 INFO [app]: 找到的 ePR No. 原始值: '2607270121', 類型: <class 'str'>
2026-09-06 19:16:01 INFO [app]: ✓ 在 Buyer_detail 找到 PO 6100894648 的 ePR No.: 2607270121
2026-09-06 19:16:01 INFO [app]: PO 6100894648 最終結果: User=董承堯, ePR=2607270121
2026-09-06 19:16:01 INFO [app]: 開始處理 PO: 6100894648
2026-09-06 19:16:01 INFO [app]: 查詢需求者，PO No: '6100894648'
2026-09-06 19:16:01 INFO [app]: Planned_Purchase CSV 欄位: ['Id', '開單狀態', 'WBS', '請購順序', '需求者', '請購項目', '需求原因', '總金額', '需求日', '已開單日期', 'ePR No.', '進度追蹤超連結', '備註', 'Status', '簽核中關卡', '報告路徑', '驗收路徑', '合作類別', '合作廠商', '前購單單號', '驗收狀態', 'PO No.', '主任簽核', '叔叔簽核']
2026-09-06 19:16:01 INFO [app]: 查詢結果數量: 0
2026-09-06 19:16:01 INFO [app]: 精確匹配失敗，嘗試部分匹配...
2026-09-06 19:16:01 INFO [app]: 部分匹配找到 PO 6100894648 的需求者: 董承堯 -> 董承堯
2026-09-06 19:16:01 INFO [app]: 查詢 ePR No.，PO No: '6100894648'
2026-09-06 19:16:01 INFO [app]: 從 Buyer_detail 查詢 (共 964 筆資料)
2026-09-06 19:16:01 INFO [app]: 將 PO No. 轉換為數字: 6100894648
2026-09-06 19:16:01 INFO [app]: 數字匹配查詢到 3 筆結果
2026-09-06 19:16:01 INFO [app]: 找到的 ePR No. 原始值: '2607270121', 類型: <class 'str'>
2026-09-06 19:16:01 INFO [app]: ✓ 在 Buyer_detail 找到 PO 6100894648 的 ePR No.: 2607270121
2026-09-06 19:16:01 INFO [app]: PO 6100894648 最終結果: User=董承堯, ePR=2607270121
2026-09-06 19:16:01 INFO [app]: 開始處理 PO: 6100894944
2026-09-06 19:16:01 INFO [app]: 查詢需求者，PO No: '6100894944'
2026-09-06 19:16:01 INFO [app]: Planned_Purchase CSV 欄位: ['Id', '開單狀態', 'WBS', '請購順序', '需求者', '請購項目', '需求原因', '總金額', '需求日', '已開單日期', 'ePR No.', '進度追蹤超連結', '備註', 'Status', '簽核中關卡', '報告路徑', '驗收路徑', '合作類別', '合作廠商', '前購單單號', '驗收狀態', 'PO No.', '主任簽核', '叔叔簽核']
2026-09-06 19:16:01 INFO [app]: 查詢結果數量: 0
2026-09-06 19:16:01 INFO [app]: 精確匹配失敗，嘗試部分匹配...
2026-09-06 19:16:01 INFO [app]: 部分匹配找到 PO 6100894944 的需求者: 王柏翰 -> 王柏翰
2026-09-06 19:16:01 INFO [app]: 查詢 ePR No.，PO No: '6100894944'
2026-09-06 19:16:01 INFO [app]: 從 Buyer_detail 查詢 (共 964 筆資料)
2026-09-06 19:16:01 INFO [app]: 將 PO No. 轉換為數字: 6100894944
2026-09-06 19:16:01 INFO [app]: 數字匹配查詢到 1 筆結果
2026-09-06 19:16:01 INFO [app]: 找到的 ePR No. 原始值: '2606300383', 類型: <class 'str'>
2026-09-06 19:16:01 INFO [app]: ✓ 在 Buyer_detail 找到 PO 6100894944 的 ePR No.: 2606300383
2026-09-06 19:16:01 INFO [app]: PO 6100894944 最終結果: User=王柏翰, ePR=2606300383
2026-09-06 19:16:01 INFO [app]: 開始處理 PO: 6100894648
2026-09-06 19:16:01 INFO [app]: 查詢需求者，PO No: '6100894648'
2026-09-06 19:16:01 INFO [app]: Planned_Purchase CSV 欄位: ['Id', '開單狀態', 'WBS', '請購順序', '需求者', '請購項目', '需求原因', '總金額', '需求日', '已開單日期', 'ePR No.', '進度追蹤超連結', '備註', 'Status', '簽核中關卡', '報告路徑', '驗收路徑', '合作類別', '合作廠商', '前購單單號', '驗收狀態', 'PO No.', '主任簽核', '叔叔簽核']
2026-09-06 19:16:01 INFO [app]: 查詢結果數量: 0
2026-09-06 19:16:01 INFO [app]: 精確匹配失敗，嘗試部分匹配...
2026-09-06 19:16:01 INFO [app]: 部分匹配找到 PO 6100894648 的需求者: 董承堯 -> 董承堯
2026-09-06 19:16:01 INFO [app]: 查詢 ePR No.，PO No: '6100894648'
2026-09-06 19:16:01 INFO [app]: 從 Buyer_detail 查詢 (共 964 筆資料)
2026-09-06 19:16:01 INFO [app]: 將 PO No. 轉換為數字: 6100894648
2026-09-06 19:16:01 INFO [app]: 數字匹配查詢到 3 筆結果
2026-09-06 19:16:01 INFO [app]: 找到的 ePR No. 原始值: '2607270121', 類型: <class 'str'>
2026-09-06 19:16:01 INFO [app]: ✓ 在 Buyer_detail 找到 PO 6100894648 的 ePR No.: 2607270121
2026-09-06 19:16:01 INFO [app]: PO 6100894648 最終結果: User=董承堯, ePR=2607270121
2026-09-06 19:16:01 INFO [app]: 開始處理 PO: 6100894186
2026-09-06 19:16:01 INFO [app]: 查詢需求者，PO No: '6100894186'
2026-09-06 19:16:01 INFO [app]: Planned_Purchase CSV 欄位: ['Id', '開單狀態', 'WBS', '請購順序', '需求者', '請購項目', '需求原因', '總金額', '需求日', '已開單日期', 'ePR No.', '進度追蹤超連結', '備註', 'Status', '簽核中關卡', '報告路徑', '驗收路徑', '合作類別', '合作廠商', '前購單單號', '驗收狀態', 'PO No.', '主任簽核', '叔叔簽核']
2026-09-06 19:16:01 INFO [app]: 查詢結果數量: 0
2026-09-06 19:16:01 INFO [app]: 精確匹配失敗，嘗試部分匹配...
2026-09-06 19:16:01 INFO [app]: 部分匹配找到 PO 6100894186 的需求者: 王柏翰 -> 王柏翰
2026-09-06 19:16:01 INFO [app]: 查詢 ePR No.，PO No: '6100894186'
2026-09-06 19:16:01 INFO [app]: 從 Buyer_detail 查詢 (共 964 筆資料)
2026-09-06 19:16:01 INFO [app]: 將 PO No. 轉換為數字: 6100894186
2026-09-06 19:16:01 INFO [app]: 數字匹配查詢到 2 筆結果
2026-09-06 19:16:01 INFO [app]: 找到的 ePR No. 原始值: '2607100410', 類型: <class 'str'>
2026-09-06 19:16:01 INFO [app]: ✓ 在 Buyer_detail 找到 PO 6100894186 的 ePR No.: 2607100410
2026-09-06 19:16:01 INFO [app]: PO 6100894186 最終結果: User=王柏翰, ePR=2607100410
2026-09-06 19:16:01 INFO [app]: 開始處理 PO: 6100894186
2026-09-06 19:16:01 INFO [app]: 查詢需求者，PO No: '6100894186'
2026-09-06 19:16:01 INFO [app]: Planned_Purchase CSV 欄位: ['Id', '開單狀態', 'WBS', '請購順序', '需求者', '請購項目', '需求原因', '總金額', '需求日', '已開單日期', 'ePR No.', '進度追蹤超連結', '備註', 'Status', '簽核中關卡', '報告路徑', '驗收路徑', '合作類別', '合作廠商', '前購單單號', '驗收狀態', 'PO No.', '主任簽核', '叔叔簽核']
2026-09-06 19:16:01 INFO [app]: 查詢結果數量: 0
2026-09-06 19:16:01 INFO [app]: 精確匹配失敗，嘗試部分匹配...
2026-09-06 19:16:01 INFO [app]: 部分匹配找到 PO 6100894186 的需求者: 王柏翰 -> 王柏翰
2026-09-06 19:16:01 INFO [app]: 查詢 ePR No.，PO No: '6100894186'
2026-09-06 19:16:01 INFO [app]: 從 Buyer_detail 查詢 (共 964 筆資料)
2026-09-06 19:16:01 INFO [app]: 將 PO No. 轉換為數字: 6100894186
2026-09-06 19:16:01 INFO [app]: 數字匹配查詢到 2 筆結果
2026-09-06 19:16:01 INFO [app]: 找到的 ePR No. 原始值: '2607100410', 類型: <class 'str'>
2026-09-06 19:16:01 INFO [app]: ✓ 在 Buyer_detail 找到 PO 6100894186 的 ePR No.: 2607100410
2026-09-06 19:16:01 INFO [app]: PO 6100894186 最終結果: User=王柏翰, ePR=2607100410
2026-09-06 19:16:01 INFO [app]: 開始處理 PO: 6100894943
2026-09-06 19:16:01 INFO [app]: 查詢需求者，PO No: '6100894943'
2026-09-06 19:16:01 INFO [app]: Planned_Purchase CSV 欄位: ['Id', '開單狀態', 'WBS', '請購順序', '需求者', '請購項目', '需求原因', '總金額', '需求日', '已開單日期', 'ePR No.', '進度追蹤超連結', '備註', 'Status', '簽核中關卡', '報告路徑', '驗收路徑', '合作類別', '合作廠商', '前購單單號', '驗收狀態', 'PO No.', '主任簽核', '叔叔簽核']
2026-09-06 19:16:01 INFO [app]: 查詢結果數量: 0
2026-09-06 19:16:01 INFO [app]: 精確匹配失敗，嘗試部分匹配...
2026-09-06 19:16:01 INFO [app]: 部分匹配找到 PO 6100894943 的需求者: 王柏翰 -> 王柏翰
2026-09-06 19:16:01 INFO [app]: 查詢 ePR No.，PO No: '6100894943'
2026-09-06 19:16:01 INFO [app]: 從 Buyer_detail 查詢 (共 964 筆資料)
2026-09-06 19:16:01 INFO [app]: 將 PO No. 轉換為數字: 6100894943
2026-09-06 19:16:01 INFO [app]: 數字匹配查詢到 2 筆結果
2026-09-06 19:16:01 INFO [app]: 找到的 ePR No. 原始值: '2606300383', 類型: <class 'str'>
2026-09-06 19:16:01 INFO [app]: ✓ 在 Buyer_detail 找到 PO 6100894943 的 ePR No.: 2606300383
2026-09-06 19:16:01 INFO [app]: PO 6100894943 最終結果: User=王柏翰, ePR=2606300383
2026-09-06 19:16:01 INFO [app]: 開始處理 PO: 6100894943
2026-09-06 19:16:01 INFO [app]: 查詢需求者，PO No: '6100894943'
2026-09-06 19:16:01 INFO [app]: Planned_Purchase CSV 欄位: ['Id', '開單狀態', 'WBS', '請購順序', '需求者', '請購項目', '需求原因', '總金額', '需求日', '已開單日期', 'ePR No.', '進度追蹤超連結', '備註', 'Status', '簽核中關卡', '報告路徑', '驗收路徑', '合作類別', '合作廠商', '前購單單號', '驗收狀態', 'PO No.', '主任簽核', '叔叔簽核']
2026-09-06 19:16:01 INFO [app]: 查詢結果數量: 0
2026-09-06 19:16:01 INFO [app]: 精確匹配失敗，嘗試部分匹配...
2026-09-06 19:16:01 INFO [app]: 部分匹配找到 PO 6100894943 的需求者: 王柏翰 -> 王柏翰
2026-09-06 19:16:01 INFO [app]: 查詢 ePR No.，PO No: '6100894943'
2026-09-06 19:16:01 INFO [app]: 從 Buyer_detail 查詢 (共 964 筆資料)
2026-09-06 19:16:01 INFO [app]: 將 PO No. 轉換為數字: 6100894943
2026-09-06 19:16:01 INFO [app]: 數字匹配查詢到 2 筆結果
2026-09-06 19:16:01 INFO [app]: 找到的 ePR No. 原始值: '2606300383', 類型: <class 'str'>
2026-09-06 19:16:01 INFO [app]: ✓ 在 Buyer_detail 找到 PO 6100894943 的 ePR No.: 2606300383
2026-09-06 19:16:01 INFO [app]: PO 6100894943 最終結果: User=王柏翰, ePR=2606300383
2026-09-06 19:16:01 INFO [app]: 開始處理 PO: 6100894185
2026-09-06 19:16:01 INFO [app]: 查詢需求者，PO No: '6100894185'
2026-09-06 19:16:01 INFO [app]: Planned_Purchase CSV 欄位: ['Id', '開單狀態', 'WBS', '請購順序', '需求者', '請購項目', '需求原因', '總金額', '需求日', '已開單日期', 'ePR No.', '進度追蹤超連結', '備註', 'Status', '簽核中關卡', '報告路徑', '驗收路徑', '合作類別', '合作廠商', '前購單單號', '驗收狀態', 'PO No.', '主任簽核', '叔叔簽核']
2026-09-06 19:16:01 INFO [app]: 查詢結果數量: 0
2026-09-06 19:16:01 INFO [app]: 精確匹配失敗，嘗試部分匹配...
2026-09-06 19:16:01 INFO [app]: 部分匹配找到 PO 6100894185 的需求者: 王柏翰 -> 王柏翰
2026-09-06 19:16:01 INFO [app]: 查詢 ePR No.，PO No: '6100894185'
2026-09-06 19:16:01 INFO [app]: 從 Buyer_detail 查詢 (共 964 筆資料)
2026-09-06 19:16:01 INFO [app]: 將 PO No. 轉換為數字: 6100894185
2026-09-06 19:16:01 INFO [app]: 數字匹配查詢到 2 筆結果
2026-09-06 19:16:01 INFO [app]: 找到的 ePR No. 原始值: '2607100410', 類型: <class 'str'>
2026-09-06 19:16:01 INFO [app]: ✓ 在 Buyer_detail 找到 PO 6100894185 的 ePR No.: 2607100410
2026-09-06 19:16:01 INFO [app]: PO 6100894185 最終結果: User=王柏翰, ePR=2607100410
2026-09-06 19:16:01 INFO [app]: 開始處理 PO: 6100894185
2026-09-06 19:16:01 INFO [app]: 查詢需求者，PO No: '6100894185'
2026-09-06 19:16:01 INFO [app]: Planned_Purchase CSV 欄位: ['Id', '開單狀態', 'WBS', '請購順序', '需求者', '請購項目', '需求原因', '總金額', '需求日', '已開單日期', 'ePR No.', '進度追蹤超連結', '備註', 'Status', '簽核中關卡', '報告路徑', '驗收路徑', '合作類別', '合作廠商', '前購單單號', '驗收狀態', 'PO No.', '主任簽核', '叔叔簽核']
2026-09-06 19:16:01 INFO [app]: 查詢結果數量: 0
2026-09-06 19:16:01 INFO [app]: 精確匹配失敗，嘗試部分匹配...
2026-09-06 19:16:01 INFO [app]: 部分匹配找到 PO 6100894185 的需求者: 王柏翰 -> 王柏翰
2026-09-06 19:16:01 INFO [app]: 查詢 ePR No.，PO No: '6100894185'
2026-09-06 19:16:01 INFO [app]: 從 Buyer_detail 查詢 (共 964 筆資料)
2026-09-06 19:16:01 INFO [app]: 將 PO No. 轉換為數字: 6100894185
2026-09-06 19:16:01 INFO [app]: 數字匹配查詢到 2 筆結果
2026-09-06 19:16:01 INFO [app]: 找到的 ePR No. 原始值: '2607100410', 類型: <class 'str'>
2026-09-06 19:16:01 INFO [app]: ✓ 在 Buyer_detail 找到 PO 6100894185 的 ePR No.: 2607100410
2026-09-06 19:16:01 INFO [app]: PO 6100894185 最終結果: User=王柏翰, ePR=2607100410
2026-09-06 19:16:01 INFO [app]: 開始處理 PO: 6100894201
2026-09-06 19:16:01 INFO [app]: 查詢需求者，PO No: '6100894201'
2026-09-06 19:16:01 INFO [app]: Planned_Purchase CSV 欄位: ['Id', '開單狀態', 'WBS', '請購順序', '需求者', '請購項目', '需求原因', '總金額', '需求日', '已開單日期', 'ePR No.', '進度追蹤超連結', '備註', 'Status', '簽核中關卡', '報告路徑', '驗收路徑', '合作類別', '合作廠商', '前購單單號', '驗收狀態', 'PO No.', '主任簽核', '叔叔簽核']
2026-09-06 19:16:01 INFO [app]: 查詢結果數量: 0
2026-09-06 19:16:01 INFO [app]: 精確匹配失敗，嘗試部分匹配...
2026-09-06 19:16:01 INFO [app]: 部分匹配找到 PO 6100894201 的需求者: 趙祥富 -> 趙祥富
2026-09-06 19:16:01 INFO [app]: 查詢 ePR No.，PO No: '6100894201'
2026-09-06 19:16:01 INFO [app]: 從 Buyer_detail 查詢 (共 964 筆資料)
2026-09-06 19:16:01 INFO [app]: 將 PO No. 轉換為數字: 6100894201
2026-09-06 19:16:01 INFO [app]: 數字匹配查詢到 1 筆結果
2026-09-06 19:16:01 INFO [app]: 找到的 ePR No. 原始值: '2607200416', 類型: <class 'str'>
2026-09-06 19:16:01 INFO [app]: ✓ 在 Buyer_detail 找到 PO 6100894201 的 ePR No.: 2607200416
2026-09-06 19:16:01 INFO [app]: PO 6100894201 最終結果: User=趙祥富, ePR=2607200416
2026-09-06 19:16:01 INFO [app]: 回傳完整結果: {'6100894549': {'user': '黃郁文', 'eprNo': '2607200420'}, '6100879053': {'user': '周彥良', 'eprNo': '2604200143'}, '6100894648': {'user': '董承堯', 'eprNo': '2607270121'}, '6100894944': {'user': '王柏翰', 'eprNo': '2606300383'}, '6100894186': {'user': '王柏翰', 'eprNo': '2607100410'}, '6100894943': {'user': '王柏翰', 'eprNo': '2606300383'}, '6100894185': {'user': '王柏翰', 'eprNo': '2607100410'}, '6100894201': {'user': '趙祥富', 'eprNo': '2607200416'}}
2026-09-06 19:16:16 INFO [app]: 新增備註選項: 測試喔
2026-09-06 19:16:23 INFO [app]: 準備發送郵件,共 13 筆資料
2026-09-06 19:16:23 INFO [app]:   [1] PO: 6100894549 / Item: 0001 / 備註: 測試喔
2026-09-06 19:16:23 INFO [app]:   [2] PO: 6100879053 / Item: 0001 / 備註: 設備修改類, 請 User 提供照片結案
2026-09-06 19:16:23 INFO [app]:   [3] PO: 6100894648 / Item: 0001 / 備註: 設備修改類, 請 User 提供照片結案
2026-09-06 19:16:23 INFO [app]:   [4] PO: 6100894648 / Item: 0002 / 備註: 設備修改類, 請 User 提供照片結案
2026-09-06 19:16:23 INFO [app]:   [5] PO: 6100894944 / Item: 0001 / 備註: 設備修改類, 請 User 提供照片結案
2026-09-06 19:16:23 INFO [app]:   [6] PO: 6100894648 / Item: 0001 / 備註: 設備修改類, 請 User 提供照片結案
2026-09-06 19:16:23 INFO [app]:   [7] PO: 6100894186 / Item: 0001 / 備註: 設備修改類, 請 User 提供照片結案
2026-09-06 19:16:23 INFO [app]:   [8] PO: 6100894186 / Item: 0002 / 備註: 設備修改類, 請 User 提供照片結案
2026-09-06 19:16:23 INFO [app]:   [9] PO: 6100894943 / Item: 0001 / 備註: 設備修改類, 請 User 提供照片結案
2026-09-06 19:16:23 INFO [app]:   [10] PO: 6100894943 / Item: 0002 / 備註: 設備修改類, 請 User 提供照片結案
2026-09-06 19:16:23 INFO [app]:   [11] PO: 6100894185 / Item: 0001 / 備註: 設備修改類, 請 User 提供照片結案
2026-09-06 19:16:23 INFO [app]:   [12] PO: 6100894185 / Item: 0001 / 備註: 設備修改類, 請 User 提供照片結案
2026-09-06 19:16:23 INFO [app]:   [13] PO: 6100894201 / Item: 0001 / 備註: 設備修改類, 請 User 提供照片結案
2026-09-06 19:16:23 INFO [app]: 提取到的使用者: ['黃郁文', '周彥良', '董承堯', '王柏翰', '趙祥富']
2026-09-06 19:16:23 INFO [app]: 使用者 黃郁文 -> 英文名: AlanYW
2026-09-06 19:16:23 INFO [app]: 使用者 周彥良 -> 英文名: YenLiang
2026-09-06 19:16:23 INFO [app]: 使用者 董承堯 -> 英文名: Yao
2026-09-06 19:16:23 INFO [app]: 使用者 王柏翰 -> 英文名: Otis
2026-09-06 19:16:23 INFO [app]: 使用者 趙祥富 -> 英文名: Zilong
2026-09-06 19:16:23 INFO [app]: 生成的問候語: Dear AlanYW, YenLiang, Yao, Otis, Zilong
2026-09-06 19:16:23 INFO [app]: 生成的問候語: Dear AlanYW, YenLiang, Yao, Otis, Zilong
2026-09-06 19:16:23 INFO [app]: PO字串: 6100894186、6100894185、6100879053、6100894943、6100894944、6100894648、6100894549、6100894201
2026-09-06 19:16:23 INFO [app]: TO 收件人: AlanYW_Huang@aseglobal.com,YenLiang_Chou@aseglobal.com,Otis_Wang@aseglobal.com,Otis_Wang@aseglobal.com,Zilong_Chao@aseglobal.com
2026-09-06 19:16:23 INFO [app]: TO 字串: AlanYW, Yao, Otis, YenLiang, Zilong
2026-09-06 19:16:23 INFO [app]: 問候語: Dear AlanYW, YenLiang, Yao, Otis, Zilong
2026-09-06 19:16:23 INFO [app]: PO: 6100894186、6100894185、6100879053、6100894943、6100894944、6100894648、6100894549、6100894201
TO: AlanYW_Huang@aseglobal.com,YenLiang_Chou@aseglobal.com,Otis_Wang@aseglobal.com,Otis_Wang@aseglobal.com,Zilong_Chao@aseglobal.com
Greeting: Dear AlanYW, YenLiang, Yao, Otis, Zilong
2026-09-06 19:16:44 INFO [app]: ✅ 郵件發送成功,處理了 13 筆資料
2026-09-06 19:17:11 INFO [app]: 收到檔案: 物料收貨單-20260814.mhtml, 大小: 273887 字元
2026-09-06 19:17:11 INFO [app]: ==================================================
2026-09-06 19:17:11 INFO [app]: 解析結果:
2026-09-06 19:17:11 INFO [app]: 檔案名稱: 物料收貨單-20260814.mhtml
2026-09-06 19:17:11 INFO [app]: 解析筆數: 13
2026-09-06 19:17:11 INFO [app]: ------------------------------
2026-09-06 19:17:11 INFO [app]: 第 1 筆:
2026-09-06 19:17:11 INFO [app]:   RT No: 6000324269
2026-09-06 19:17:11 INFO [app]:   項次: 0001
2026-09-06 19:17:11 INFO [app]:   PO No: 6100894549
2026-09-06 19:17:11 INFO [app]:   科目指派: K - 費用
2026-09-06 19:17:11 INFO [app]:   品名: Service Labor K25 Oven WIP異常默停-0902
2026-09-06 19:17:11 INFO [app]:   數量: 8
2026-09-06 19:17:11 INFO [app]:   取件者: 黃郁文
2026-09-06 19:17:11 INFO [app]: ------------------------------
2026-09-06 19:17:11 INFO [app]: 第 2 筆:
2026-09-06 19:17:11 INFO [app]:   RT No: 6000324479
2026-09-06 19:17:11 INFO [app]:   項次: 0001
2026-09-06 19:17:11 INFO [app]:   PO No: 6100879053
2026-09-06 19:17:11 INFO [app]:   科目指派: K - 費用
2026-09-06 19:17:11 INFO [app]:   品名: ASE-AS114000342 烤箱層架
2026-09-06 19:17:11 INFO [app]:   數量: 6
2026-09-06 19:17:11 INFO [app]:   取件者: 周彥良
2026-09-06 19:17:11 INFO [app]: ------------------------------
2026-09-06 19:17:11 INFO [app]: 第 3 筆:
2026-09-06 19:17:11 INFO [app]:   RT No: 6000328005
2026-09-06 19:17:11 INFO [app]:   項次: 0001
2026-09-06 19:17:11 INFO [app]:   PO No: 6100894648
2026-09-06 19:17:11 INFO [app]:   科目指派: K - 費用
2026-09-06 19:17:11 INFO [app]:   品名: DUKEPOS XD-8080桌上式無線二維條碼掃描器
2026-09-06 19:17:11 INFO [app]:   數量: 5
2026-09-06 19:17:11 INFO [app]:   取件者: E1
2026-09-06 19:17:11 INFO [app]: ------------------------------
2026-09-06 19:17:11 INFO [app]: 第 4 筆:
2026-09-06 19:17:11 INFO [app]:   RT No: 6000328005
2026-09-06 19:17:11 INFO [app]:   項次: 0002
2026-09-06 19:17:11 INFO [app]:   PO No: 6100894648
2026-09-06 19:17:11 INFO [app]:   科目指派: K - 費用
2026-09-06 19:17:11 INFO [app]:   品名: 小米 XMSTFXQ01YM 四合一雙頭分線器
2026-09-06 19:17:11 INFO [app]:   數量: 6
2026-09-06 19:17:11 INFO [app]:   取件者: E1
2026-09-06 19:17:11 INFO [app]: ------------------------------
2026-09-06 19:17:11 INFO [app]: 第 5 筆:
2026-09-06 19:17:11 INFO [app]:   RT No: 6000330676
2026-09-06 19:17:11 INFO [app]:   項次: 0001
2026-09-06 19:17:11 INFO [app]:   PO No: 6100894944
2026-09-06 19:17:11 INFO [app]:   科目指派: K - 費用
2026-09-06 19:17:11 INFO [app]:   品名: Panasonic PM-Y45 微型光電感測器
2026-09-06 19:17:11 INFO [app]:   數量: 20
2026-09-06 19:17:11 INFO [app]:   取件者: D2
2026-09-06 19:17:11 INFO [app]: ------------------------------
2026-09-06 19:17:11 INFO [app]: 第 6 筆:
2026-09-06 19:17:11 INFO [app]:   RT No: 6000332616
2026-09-06 19:17:11 INFO [app]:   項次: 0001
2026-09-06 19:17:11 INFO [app]:   PO No: 6100894648
2026-09-06 19:17:11 INFO [app]:   科目指派: K - 費用
2026-09-06 19:17:11 INFO [app]:   品名: 珠友 WA-01055 彩色水晶鑰匙牌 透明-8入
2026-09-06 19:17:11 INFO [app]:   數量: 80
2026-09-06 19:17:11 INFO [app]:   取件者: AB門
2026-09-06 19:17:11 INFO [app]: ------------------------------
2026-09-06 19:17:11 INFO [app]: 第 7 筆:
2026-09-06 19:17:11 INFO [app]:   RT No: 6000335255
2026-09-06 19:17:11 INFO [app]:   項次: 0001
2026-09-06 19:17:11 INFO [app]:   PO No: 6100894186
2026-09-06 19:17:11 INFO [app]:   科目指派: K - 費用
2026-09-06 19:17:11 INFO [app]:   品名: 保護傘 7切6座PU-3763S(2.7M)9尺延長線
2026-09-06 19:17:11 INFO [app]:   數量: 30
2026-09-06 19:17:11 INFO [app]:   取件者: 王柏翰
2026-09-06 19:17:11 INFO [app]: ------------------------------
2026-09-06 19:17:11 INFO [app]: 第 8 筆:
2026-09-06 19:17:11 INFO [app]:   RT No: 6000335255
2026-09-06 19:17:11 INFO [app]:   項次: 0002
2026-09-06 19:17:11 INFO [app]:   PO No: 6100894186
2026-09-06 19:17:11 INFO [app]:   科目指派: K - 費用
2026-09-06 19:17:11 INFO [app]:   品名: 保護傘 7切6座PU-3763S(4.5M)15尺延長線
2026-09-06 19:17:11 INFO [app]:   數量: 20
2026-09-06 19:17:11 INFO [app]:   取件者: 王柏翰
2026-09-06 19:17:11 INFO [app]: ------------------------------
2026-09-06 19:17:11 INFO [app]: 第 9 筆:
2026-09-06 19:17:11 INFO [app]:   RT No: 6000339144
2026-09-06 19:17:11 INFO [app]:   項次: 0001
2026-09-06 19:17:11 INFO [app]:   PO No: 6100894943
2026-09-06 19:17:11 INFO [app]:   科目指派: K - 費用
2026-09-06 19:17:11 INFO [app]:   品名: AirTAC DPSN1-10050 電子式壓力傳感器
2026-09-06 19:17:11 INFO [app]:   數量: 10
2026-09-06 19:17:11 INFO [app]:   取件者: X2
2026-09-06 19:17:11 INFO [app]: ------------------------------
2026-09-06 19:17:11 INFO [app]: 第 10 筆:
2026-09-06 19:17:11 INFO [app]:   RT No: 6000339144
2026-09-06 19:17:11 INFO [app]:   項次: 0002
2026-09-06 19:17:11 INFO [app]:   PO No: 6100894943
2026-09-06 19:17:11 INFO [app]:   科目指派: K - 費用
2026-09-06 19:17:11 INFO [app]:   品名: AirTAC TCM25x20S 三軸氣缸
2026-09-06 19:17:11 INFO [app]:   數量: 10
2026-09-06 19:17:11 INFO [app]:   取件者: X2
2026-09-06 19:17:11 INFO [app]: ------------------------------
2026-09-06 19:17:11 INFO [app]: 第 11 筆:
2026-09-06 19:17:11 INFO [app]:   RT No: 6000339979
2026-09-06 19:17:11 INFO [app]:   項次: 0001
2026-09-06 19:17:11 INFO [app]:   PO No: 6100894185
2026-09-06 19:17:11 INFO [app]:   科目指派: K - 費用
2026-09-06 19:17:11 INFO [app]:   品名: AOTTO 免安裝多功能可收納折疊椅
2026-09-06 19:17:11 INFO [app]:   數量: 24
2026-09-06 19:17:11 INFO [app]:   取件者: 王柏翰
2026-09-06 19:17:11 INFO [app]: ------------------------------
2026-09-06 19:17:11 INFO [app]: 第 12 筆:
2026-09-06 19:17:11 INFO [app]:   RT No: 6000339980
2026-09-06 19:17:11 INFO [app]:   項次: 0001
2026-09-06 19:17:11 INFO [app]:   PO No: 6100894185
2026-09-06 19:17:11 INFO [app]:   科目指派: R - 低額
2026-09-06 19:17:11 INFO [app]:   品名: LOGIS CZ152Z 塑鋼萬用摺疊長桌152*76
2026-09-06 19:17:11 INFO [app]:   數量: 6
2026-09-06 19:17:11 INFO [app]:   取件者: 王柏翰
2026-09-06 19:17:11 INFO [app]: ------------------------------
2026-09-06 19:17:11 INFO [app]: 第 13 筆:
2026-09-06 19:17:11 INFO [app]:   RT No: 6000342471
2026-09-06 19:17:11 INFO [app]:   項次: 0001
2026-09-06 19:17:11 INFO [app]:   PO No: 6100894201
2026-09-06 19:17:11 INFO [app]:   科目指派: K - 費用
2026-09-06 19:17:11 INFO [app]:   品名: Sharp AQUOS Wish5強化軍規防摔抗震手機殼
2026-09-06 19:17:11 INFO [app]:   數量: 50
2026-09-06 19:17:11 INFO [app]:   取件者: 王柏翰
2026-09-06 19:17:11 INFO [app]: ------------------------------
2026-09-06 19:17:11 INFO [app]: ==================================================
2026-09-06 19:17:17 INFO [app]: 收到查詢請求，PO 號碼: ['6100894549', '6100879053', '6100894648', '6100894648', '6100894944', '6100894648', '6100894186', '6100894186', '6100894943', '6100894943', '6100894185', '6100894185', '6100894201']
2026-09-06 19:17:17 INFO [app]: buyer_detail_df 狀態: 已載入
2026-09-06 19:17:17 INFO [app]: planned_purchase_df 狀態: 已載入
2026-09-06 19:17:17 INFO [app]: Buyer_detail 資料筆數: 964
2026-09-06 19:17:17 INFO [app]: Buyer_detail 欄位: ['Id', '開單狀態', '交貨驗證', 'User', 'ePR No.', 'PO No.', 'Item', '品項', '規格', '數量', '總數', '單價', '總價', '備註', '字數', 'isEditing', 'backup', '_alertedItemLimit', 'Delivery Date 廠商承諾交期', 'SOD Qty 廠商承諾數量', '驗收數量', '拒收數量', '發票月份', 'WBS', '需求日', 'RT金額', 'RT總金額', '驗收狀態']
2026-09-06 19:17:17 INFO [app]: Buyer_detail 前3筆 PO No.: [nan, '6100805547', '6100805547']
2026-09-06 19:17:17 INFO [app]: Planned_purchase 資料筆數: 384
2026-09-06 19:17:17 INFO [app]: Planned_purchase 欄位: ['Id', '開單狀態', 'WBS', '請購順序', '需求者', '請購項目', '需求原因', '總金額', '需求日', '已開單日期', 'ePR No.', '進度追蹤超連結', '備註', 'Status', '簽核中關卡', '報告路徑', '驗收路徑', '合作類別', '合作廠商', '前購單單號', '驗收狀態', 'PO No.', '主任簽核', '叔叔簽核']
2026-09-06 19:17:17 INFO [app]: Planned_purchase 前3筆 PO No.: ['6100793959<br />6100793960', '6100794178', '6100793173']
2026-09-06 19:17:17 INFO [app]: 開始處理 PO: 6100894549
2026-09-06 19:17:17 INFO [app]: 查詢需求者，PO No: '6100894549'
2026-09-06 19:17:17 INFO [app]: Planned_Purchase CSV 欄位: ['Id', '開單狀態', 'WBS', '請購順序', '需求者', '請購項目', '需求原因', '總金額', '需求日', '已開單日期', 'ePR No.', '進度追蹤超連結', '備註', 'Status', '簽核中關卡', '報告路徑', '驗收路徑', '合作類別', '合作廠商', '前購單單號', '驗收狀態', 'PO No.', '主任簽核', '叔叔簽核']
2026-09-06 19:17:17 INFO [app]: 查詢結果數量: 1
2026-09-06 19:17:17 INFO [app]: 找到 PO 6100894549 的需求者: 黃郁文 -> 黃郁文
2026-09-06 19:17:17 INFO [app]: 查詢 ePR No.，PO No: '6100894549'
2026-09-06 19:17:17 INFO [app]: 從 Buyer_detail 查詢 (共 964 筆資料)
2026-09-06 19:17:17 INFO [app]: 將 PO No. 轉換為數字: 6100894549
2026-09-06 19:17:17 INFO [app]: 數字匹配查詢到 1 筆結果
2026-09-06 19:17:17 INFO [app]: 找到的 ePR No. 原始值: '2607200420', 類型: <class 'str'>
2026-09-06 19:17:17 INFO [app]: ✓ 在 Buyer_detail 找到 PO 6100894549 的 ePR No.: 2607200420
2026-09-06 19:17:17 INFO [app]: PO 6100894549 最終結果: User=黃郁文, ePR=2607200420
2026-09-06 19:17:17 INFO [app]: 開始處理 PO: 6100879053
2026-09-06 19:17:17 INFO [app]: 查詢需求者，PO No: '6100879053'
2026-09-06 19:17:17 INFO [app]: Planned_Purchase CSV 欄位: ['Id', '開單狀態', 'WBS', '請購順序', '需求者', '請購項目', '需求原因', '總金額', '需求日', '已開單日期', 'ePR No.', '進度追蹤超連結', '備註', 'Status', '簽核中關卡', '報告路徑', '驗收路徑', '合作類別', '合作廠商', '前購單單號', '驗收狀態', 'PO No.', '主任簽核', '叔叔簽核']
2026-09-06 19:17:17 INFO [app]: 查詢結果數量: 1
2026-09-06 19:17:17 INFO [app]: 找到 PO 6100879053 的需求者: 周彥良 -> 周彥良
2026-09-06 19:17:17 INFO [app]: 查詢 ePR No.，PO No: '6100879053'
2026-09-06 19:17:17 INFO [app]: 從 Buyer_detail 查詢 (共 964 筆資料)
2026-09-06 19:17:17 INFO [app]: 將 PO No. 轉換為數字: 6100879053
2026-09-06 19:17:17 INFO [app]: 數字匹配查詢到 1 筆結果
2026-09-06 19:17:17 INFO [app]: 找到的 ePR No. 原始值: '2604200143', 類型: <class 'str'>
2026-09-06 19:17:17 INFO [app]: ✓ 在 Buyer_detail 找到 PO 6100879053 的 ePR No.: 2604200143
2026-09-06 19:17:17 INFO [app]: PO 6100879053 最終結果: User=周彥良, ePR=2604200143
2026-09-06 19:17:17 INFO [app]: 開始處理 PO: 6100894648
2026-09-06 19:17:17 INFO [app]: 查詢需求者，PO No: '6100894648'
2026-09-06 19:17:17 INFO [app]: Planned_Purchase CSV 欄位: ['Id', '開單狀態', 'WBS', '請購順序', '需求者', '請購項目', '需求原因', '總金額', '需求日', '已開單日期', 'ePR No.', '進度追蹤超連結', '備註', 'Status', '簽核中關卡', '報告路徑', '驗收路徑', '合作類別', '合作廠商', '前購單單號', '驗收狀態', 'PO No.', '主任簽核', '叔叔簽核']
2026-09-06 19:17:17 INFO [app]: 查詢結果數量: 0
2026-09-06 19:17:17 INFO [app]: 精確匹配失敗，嘗試部分匹配...
2026-09-06 19:17:17 INFO [app]: 部分匹配找到 PO 6100894648 的需求者: 董承堯 -> 董承堯
2026-09-06 19:17:17 INFO [app]: 查詢 ePR No.，PO No: '6100894648'
2026-09-06 19:17:17 INFO [app]: 從 Buyer_detail 查詢 (共 964 筆資料)
2026-09-06 19:17:17 INFO [app]: 將 PO No. 轉換為數字: 6100894648
2026-09-06 19:17:17 INFO [app]: 數字匹配查詢到 3 筆結果
2026-09-06 19:17:17 INFO [app]: 找到的 ePR No. 原始值: '2607270121', 類型: <class 'str'>
2026-09-06 19:17:17 INFO [app]: ✓ 在 Buyer_detail 找到 PO 6100894648 的 ePR No.: 2607270121
2026-09-06 19:17:17 INFO [app]: PO 6100894648 最終結果: User=董承堯, ePR=2607270121
2026-09-06 19:17:17 INFO [app]: 開始處理 PO: 6100894648
2026-09-06 19:17:17 INFO [app]: 查詢需求者，PO No: '6100894648'
2026-09-06 19:17:17 INFO [app]: Planned_Purchase CSV 欄位: ['Id', '開單狀態', 'WBS', '請購順序', '需求者', '請購項目', '需求原因', '總金額', '需求日', '已開單日期', 'ePR No.', '進度追蹤超連結', '備註', 'Status', '簽核中關卡', '報告路徑', '驗收路徑', '合作類別', '合作廠商', '前購單單號', '驗收狀態', 'PO No.', '主任簽核', '叔叔簽核']
2026-09-06 19:17:17 INFO [app]: 查詢結果數量: 0
2026-09-06 19:17:17 INFO [app]: 精確匹配失敗，嘗試部分匹配...
2026-09-06 19:17:17 INFO [app]: 部分匹配找到 PO 6100894648 的需求者: 董承堯 -> 董承堯
2026-09-06 19:17:17 INFO [app]: 查詢 ePR No.，PO No: '6100894648'
2026-09-06 19:17:17 INFO [app]: 從 Buyer_detail 查詢 (共 964 筆資料)
2026-09-06 19:17:17 INFO [app]: 將 PO No. 轉換為數字: 6100894648
2026-09-06 19:17:17 INFO [app]: 數字匹配查詢到 3 筆結果
2026-09-06 19:17:17 INFO [app]: 找到的 ePR No. 原始值: '2607270121', 類型: <class 'str'>
2026-09-06 19:17:17 INFO [app]: ✓ 在 Buyer_detail 找到 PO 6100894648 的 ePR No.: 2607270121
2026-09-06 19:17:17 INFO [app]: PO 6100894648 最終結果: User=董承堯, ePR=2607270121
2026-09-06 19:17:17 INFO [app]: 開始處理 PO: 6100894944
2026-09-06 19:17:17 INFO [app]: 查詢需求者，PO No: '6100894944'
2026-09-06 19:17:17 INFO [app]: Planned_Purchase CSV 欄位: ['Id', '開單狀態', 'WBS', '請購順序', '需求者', '請購項目', '需求原因', '總金額', '需求日', '已開單日期', 'ePR No.', '進度追蹤超連結', '備註', 'Status', '簽核中關卡', '報告路徑', '驗收路徑', '合作類別', '合作廠商', '前購單單號', '驗收狀態', 'PO No.', '主任簽核', '叔叔簽核']
2026-09-06 19:17:17 INFO [app]: 查詢結果數量: 0
2026-09-06 19:17:17 INFO [app]: 精確匹配失敗，嘗試部分匹配...
2026-09-06 19:17:17 INFO [app]: 部分匹配找到 PO 6100894944 的需求者: 王柏翰 -> 王柏翰
2026-09-06 19:17:17 INFO [app]: 查詢 ePR No.，PO No: '6100894944'
2026-09-06 19:17:18 INFO [app]: 從 Buyer_detail 查詢 (共 964 筆資料)
2026-09-06 19:17:18 INFO [app]: 將 PO No. 轉換為數字: 6100894944
2026-09-06 19:17:18 INFO [app]: 數字匹配查詢到 1 筆結果
2026-09-06 19:17:18 INFO [app]: 找到的 ePR No. 原始值: '2606300383', 類型: <class 'str'>
2026-09-06 19:17:18 INFO [app]: ✓ 在 Buyer_detail 找到 PO 6100894944 的 ePR No.: 2606300383
2026-09-06 19:17:18 INFO [app]: PO 6100894944 最終結果: User=王柏翰, ePR=2606300383
2026-09-06 19:17:18 INFO [app]: 開始處理 PO: 6100894648
2026-09-06 19:17:18 INFO [app]: 查詢需求者，PO No: '6100894648'
2026-09-06 19:17:18 INFO [app]: Planned_Purchase CSV 欄位: ['Id', '開單狀態', 'WBS', '請購順序', '需求者', '請購項目', '需求原因', '總金額', '需求日', '已開單日期', 'ePR No.', '進度追蹤超連結', '備註', 'Status', '簽核中關卡', '報告路徑', '驗收路徑', '合作類別', '合作廠商', '前購單單號', '驗收狀態', 'PO No.', '主任簽核', '叔叔簽核']
2026-09-06 19:17:18 INFO [app]: 查詢結果數量: 0
2026-09-06 19:17:18 INFO [app]: 精確匹配失敗，嘗試部分匹配...
2026-09-06 19:17:18 INFO [app]: 部分匹配找到 PO 6100894648 的需求者: 董承堯 -> 董承堯
2026-09-06 19:17:18 INFO [app]: 查詢 ePR No.，PO No: '6100894648'
2026-09-06 19:17:18 INFO [app]: 從 Buyer_detail 查詢 (共 964 筆資料)
2026-09-06 19:17:18 INFO [app]: 將 PO No. 轉換為數字: 6100894648
2026-09-06 19:17:18 INFO [app]: 數字匹配查詢到 3 筆結果
2026-09-06 19:17:18 INFO [app]: 找到的 ePR No. 原始值: '2607270121', 類型: <class 'str'>
2026-09-06 19:17:18 INFO [app]: ✓ 在 Buyer_detail 找到 PO 6100894648 的 ePR No.: 2607270121
2026-09-06 19:17:18 INFO [app]: PO 6100894648 最終結果: User=董承堯, ePR=2607270121
2026-09-06 19:17:18 INFO [app]: 開始處理 PO: 6100894186
2026-09-06 19:17:18 INFO [app]: 查詢需求者，PO No: '6100894186'
2026-09-06 19:17:18 INFO [app]: Planned_Purchase CSV 欄位: ['Id', '開單狀態', 'WBS', '請購順序', '需求者', '請購項目', '需求原因', '總金額', '需求日', '已開單日期', 'ePR No.', '進度追蹤超連結', '備註', 'Status', '簽核中關卡', '報告路徑', '驗收路徑', '合作類別', '合作廠商', '前購單單號', '驗收狀態', 'PO No.', '主任簽核', '叔叔簽核']
2026-09-06 19:17:18 INFO [app]: 查詢結果數量: 0
2026-09-06 19:17:18 INFO [app]: 精確匹配失敗，嘗試部分匹配...
2026-09-06 19:17:18 INFO [app]: 部分匹配找到 PO 6100894186 的需求者: 王柏翰 -> 王柏翰
2026-09-06 19:17:18 INFO [app]: 查詢 ePR No.，PO No: '6100894186'
2026-09-06 19:17:18 INFO [app]: 從 Buyer_detail 查詢 (共 964 筆資料)
2026-09-06 19:17:18 INFO [app]: 將 PO No. 轉換為數字: 6100894186
2026-09-06 19:17:18 INFO [app]: 數字匹配查詢到 2 筆結果
2026-09-06 19:17:18 INFO [app]: 找到的 ePR No. 原始值: '2607100410', 類型: <class 'str'>
2026-09-06 19:17:18 INFO [app]: ✓ 在 Buyer_detail 找到 PO 6100894186 的 ePR No.: 2607100410
2026-09-06 19:17:18 INFO [app]: PO 6100894186 最終結果: User=王柏翰, ePR=2607100410
2026-09-06 19:17:18 INFO [app]: 開始處理 PO: 6100894186
2026-09-06 19:17:18 INFO [app]: 查詢需求者，PO No: '6100894186'
2026-09-06 19:17:18 INFO [app]: Planned_Purchase CSV 欄位: ['Id', '開單狀態', 'WBS', '請購順序', '需求者', '請購項目', '需求原因', '總金額', '需求日', '已開單日期', 'ePR No.', '進度追蹤超連結', '備註', 'Status', '簽核中關卡', '報告路徑', '驗收路徑', '合作類別', '合作廠商', '前購單單號', '驗收狀態', 'PO No.', '主任簽核', '叔叔簽核']
2026-09-06 19:17:18 INFO [app]: 查詢結果數量: 0
2026-09-06 19:17:18 INFO [app]: 精確匹配失敗，嘗試部分匹配...
2026-09-06 19:17:18 INFO [app]: 部分匹配找到 PO 6100894186 的需求者: 王柏翰 -> 王柏翰
2026-09-06 19:17:18 INFO [app]: 查詢 ePR No.，PO No: '6100894186'
2026-09-06 19:17:18 INFO [app]: 從 Buyer_detail 查詢 (共 964 筆資料)
2026-09-06 19:17:18 INFO [app]: 將 PO No. 轉換為數字: 6100894186
2026-09-06 19:17:18 INFO [app]: 數字匹配查詢到 2 筆結果
2026-09-06 19:17:18 INFO [app]: 找到的 ePR No. 原始值: '2607100410', 類型: <class 'str'>
2026-09-06 19:17:18 INFO [app]: ✓ 在 Buyer_detail 找到 PO 6100894186 的 ePR No.: 2607100410
2026-09-06 19:17:18 INFO [app]: PO 6100894186 最終結果: User=王柏翰, ePR=2607100410
2026-09-06 19:17:18 INFO [app]: 開始處理 PO: 6100894943
2026-09-06 19:17:18 INFO [app]: 查詢需求者，PO No: '6100894943'
2026-09-06 19:17:18 INFO [app]: Planned_Purchase CSV 欄位: ['Id', '開單狀態', 'WBS', '請購順序', '需求者', '請購項目', '需求原因', '總金額', '需求日', '已開單日期', 'ePR No.', '進度追蹤超連結', '備註', 'Status', '簽核中關卡', '報告路徑', '驗收路徑', '合作類別', '合作廠商', '前購單單號', '驗收狀態', 'PO No.', '主任簽核', '叔叔簽核']
2026-09-06 19:17:18 INFO [app]: 查詢結果數量: 0
2026-09-06 19:17:18 INFO [app]: 精確匹配失敗，嘗試部分匹配...
2026-09-06 19:17:18 INFO [app]: 部分匹配找到 PO 6100894943 的需求者: 王柏翰 -> 王柏翰
2026-09-06 19:17:18 INFO [app]: 查詢 ePR No.，PO No: '6100894943'
2026-09-06 19:17:18 INFO [app]: 從 Buyer_detail 查詢 (共 964 筆資料)
2026-09-06 19:17:18 INFO [app]: 將 PO No. 轉換為數字: 6100894943
2026-09-06 19:17:18 INFO [app]: 數字匹配查詢到 2 筆結果
2026-09-06 19:17:18 INFO [app]: 找到的 ePR No. 原始值: '2606300383', 類型: <class 'str'>
2026-09-06 19:17:18 INFO [app]: ✓ 在 Buyer_detail 找到 PO 6100894943 的 ePR No.: 2606300383
2026-09-06 19:17:18 INFO [app]: PO 6100894943 最終結果: User=王柏翰, ePR=2606300383
2026-09-06 19:17:18 INFO [app]: 開始處理 PO: 6100894943
2026-09-06 19:17:18 INFO [app]: 查詢需求者，PO No: '6100894943'
2026-09-06 19:17:18 INFO [app]: Planned_Purchase CSV 欄位: ['Id', '開單狀態', 'WBS', '請購順序', '需求者', '請購項目', '需求原因', '總金額', '需求日', '已開單日期', 'ePR No.', '進度追蹤超連結', '備註', 'Status', '簽核中關卡', '報告路徑', '驗收路徑', '合作類別', '合作廠商', '前購單單號', '驗收狀態', 'PO No.', '主任簽核', '叔叔簽核']
2026-09-06 19:17:18 INFO [app]: 查詢結果數量: 0
2026-09-06 19:17:18 INFO [app]: 精確匹配失敗，嘗試部分匹配...
2026-09-06 19:17:18 INFO [app]: 部分匹配找到 PO 6100894943 的需求者: 王柏翰 -> 王柏翰
2026-09-06 19:17:18 INFO [app]: 查詢 ePR No.，PO No: '6100894943'
2026-09-06 19:17:18 INFO [app]: 從 Buyer_detail 查詢 (共 964 筆資料)
2026-09-06 19:17:18 INFO [app]: 將 PO No. 轉換為數字: 6100894943
2026-09-06 19:17:18 INFO [app]: 數字匹配查詢到 2 筆結果
2026-09-06 19:17:18 INFO [app]: 找到的 ePR No. 原始值: '2606300383', 類型: <class 'str'>
2026-09-06 19:17:18 INFO [app]: ✓ 在 Buyer_detail 找到 PO 6100894943 的 ePR No.: 2606300383
2026-09-06 19:17:18 INFO [app]: PO 6100894943 最終結果: User=王柏翰, ePR=2606300383
2026-09-06 19:17:18 INFO [app]: 開始處理 PO: 6100894185
2026-09-06 19:17:18 INFO [app]: 查詢需求者，PO No: '6100894185'
2026-09-06 19:17:18 INFO [app]: Planned_Purchase CSV 欄位: ['Id', '開單狀態', 'WBS', '請購順序', '需求者', '請購項目', '需求原因', '總金額', '需求日', '已開單日期', 'ePR No.', '進度追蹤超連結', '備註', 'Status', '簽核中關卡', '報告路徑', '驗收路徑', '合作類別', '合作廠商', '前購單單號', '驗收狀態', 'PO No.', '主任簽核', '叔叔簽核']
2026-09-06 19:17:18 INFO [app]: 查詢結果數量: 0
2026-09-06 19:17:18 INFO [app]: 精確匹配失敗，嘗試部分匹配...
2026-09-06 19:17:18 INFO [app]: 部分匹配找到 PO 6100894185 的需求者: 王柏翰 -> 王柏翰
2026-09-06 19:17:18 INFO [app]: 查詢 ePR No.，PO No: '6100894185'
2026-09-06 19:17:18 INFO [app]: 從 Buyer_detail 查詢 (共 964 筆資料)
2026-09-06 19:17:18 INFO [app]: 將 PO No. 轉換為數字: 6100894185
2026-09-06 19:17:18 INFO [app]: 數字匹配查詢到 2 筆結果
2026-09-06 19:17:18 INFO [app]: 找到的 ePR No. 原始值: '2607100410', 類型: <class 'str'>
2026-09-06 19:17:18 INFO [app]: ✓ 在 Buyer_detail 找到 PO 6100894185 的 ePR No.: 2607100410
2026-09-06 19:17:18 INFO [app]: PO 6100894185 最終結果: User=王柏翰, ePR=2607100410
2026-09-06 19:17:18 INFO [app]: 開始處理 PO: 6100894185
2026-09-06 19:17:18 INFO [app]: 查詢需求者，PO No: '6100894185'
2026-09-06 19:17:18 INFO [app]: Planned_Purchase CSV 欄位: ['Id', '開單狀態', 'WBS', '請購順序', '需求者', '請購項目', '需求原因', '總金額', '需求日', '已開單日期', 'ePR No.', '進度追蹤超連結', '備註', 'Status', '簽核中關卡', '報告路徑', '驗收路徑', '合作類別', '合作廠商', '前購單單號', '驗收狀態', 'PO No.', '主任簽核', '叔叔簽核']
2026-09-06 19:17:18 INFO [app]: 查詢結果數量: 0
2026-09-06 19:17:18 INFO [app]: 精確匹配失敗，嘗試部分匹配...
2026-09-06 19:17:18 INFO [app]: 部分匹配找到 PO 6100894185 的需求者: 王柏翰 -> 王柏翰
2026-09-06 19:17:18 INFO [app]: 查詢 ePR No.，PO No: '6100894185'
2026-09-06 19:17:18 INFO [app]: 從 Buyer_detail 查詢 (共 964 筆資料)
2026-09-06 19:17:18 INFO [app]: 將 PO No. 轉換為數字: 6100894185
2026-09-06 19:17:18 INFO [app]: 數字匹配查詢到 2 筆結果
2026-09-06 19:17:18 INFO [app]: 找到的 ePR No. 原始值: '2607100410', 類型: <class 'str'>
2026-09-06 19:17:18 INFO [app]: ✓ 在 Buyer_detail 找到 PO 6100894185 的 ePR No.: 2607100410
2026-09-06 19:17:18 INFO [app]: PO 6100894185 最終結果: User=王柏翰, ePR=2607100410
2026-09-06 19:17:18 INFO [app]: 開始處理 PO: 6100894201
2026-09-06 19:17:18 INFO [app]: 查詢需求者，PO No: '6100894201'
2026-09-06 19:17:18 INFO [app]: Planned_Purchase CSV 欄位: ['Id', '開單狀態', 'WBS', '請購順序', '需求者', '請購項目', '需求原因', '總金額', '需求日', '已開單日期', 'ePR No.', '進度追蹤超連結', '備註', 'Status', '簽核中關卡', '報告路徑', '驗收路徑', '合作類別', '合作廠商', '前購單單號', '驗收狀態', 'PO No.', '主任簽核', '叔叔簽核']
2026-09-06 19:17:18 INFO [app]: 查詢結果數量: 0
2026-09-06 19:17:18 INFO [app]: 精確匹配失敗，嘗試部分匹配...
2026-09-06 19:17:18 INFO [app]: 部分匹配找到 PO 6100894201 的需求者: 趙祥富 -> 趙祥富
2026-09-06 19:17:18 INFO [app]: 查詢 ePR No.，PO No: '6100894201'
2026-09-06 19:17:18 INFO [app]: 從 Buyer_detail 查詢 (共 964 筆資料)
2026-09-06 19:17:18 INFO [app]: 將 PO No. 轉換為數字: 6100894201
2026-09-06 19:17:18 INFO [app]: 數字匹配查詢到 1 筆結果
2026-09-06 19:17:18 INFO [app]: 找到的 ePR No. 原始值: '2607200416', 類型: <class 'str'>
2026-09-06 19:17:18 INFO [app]: ✓ 在 Buyer_detail 找到 PO 6100894201 的 ePR No.: 2607200416
2026-09-06 19:17:18 INFO [app]: PO 6100894201 最終結果: User=趙祥富, ePR=2607200416
2026-09-06 19:17:18 INFO [app]: 回傳完整結果: {'6100894549': {'user': '黃郁文', 'eprNo': '2607200420'}, '6100879053': {'user': '周彥良', 'eprNo': '2604200143'}, '6100894648': {'user': '董承堯', 'eprNo': '2607270121'}, '6100894944': {'user': '王柏翰', 'eprNo': '2606300383'}, '6100894186': {'user': '王柏翰', 'eprNo': '2607100410'}, '6100894943': {'user': '王柏翰', 'eprNo': '2606300383'}, '6100894185': {'user': '王柏翰', 'eprNo': '2607100410'}, '6100894201': {'user': '趙祥富', 'eprNo': '2607200416'}}
2026-09-06 19:18:33 INFO [app]: 移除備註選項: 測試喔
2026-09-06 19:18:47 INFO [app]: 收到查詢請求，PO 號碼: ['6100894549', '6100879053', '6100894648', '6100894648', '6100894944', '6100894648', '6100894186', '6100894186', '6100894943', '6100894943', '6100894185', '6100894185', '6100894201']
2026-09-06 19:18:47 INFO [app]: buyer_detail_df 狀態: 已載入
2026-09-06 19:18:47 INFO [app]: planned_purchase_df 狀態: 已載入
2026-09-06 19:18:47 INFO [app]: Buyer_detail 資料筆數: 964
2026-09-06 19:18:47 INFO [app]: Buyer_detail 欄位: ['Id', '開單狀態', '交貨驗證', 'User', 'ePR No.', 'PO No.', 'Item', '品項', '規格', '數量', '總數', '單價', '總價', '備註', '字數', 'isEditing', 'backup', '_alertedItemLimit', 'Delivery Date 廠商承諾交期', 'SOD Qty 廠商承諾數量', '驗收數量', '拒收數量', '發票月份', 'WBS', '需求日', 'RT金額', 'RT總金額', '驗收狀態']
2026-09-06 19:18:47 INFO [app]: Buyer_detail 前3筆 PO No.: [nan, '6100805547', '6100805547']
2026-09-06 19:18:47 INFO [app]: Planned_purchase 資料筆數: 384
2026-09-06 19:18:47 INFO [app]: Planned_purchase 欄位: ['Id', '開單狀態', 'WBS', '請購順序', '需求者', '請購項目', '需求原因', '總金額', '需求日', '已開單日期', 'ePR No.', '進度追蹤超連結', '備註', 'Status', '簽核中關卡', '報告路徑', '驗收路徑', '合作類別', '合作廠商', '前購單單號', '驗收狀態', 'PO No.', '主任簽核', '叔叔簽核']
2026-09-06 19:18:47 INFO [app]: Planned_purchase 前3筆 PO No.: ['6100793959<br />6100793960', '6100794178', '6100793173']
2026-09-06 19:18:47 INFO [app]: 開始處理 PO: 6100894549
2026-09-06 19:18:47 INFO [app]: 查詢需求者，PO No: '6100894549'
2026-09-06 19:18:47 INFO [app]: Planned_Purchase CSV 欄位: ['Id', '開單狀態', 'WBS', '請購順序', '需求者', '請購項目', '需求原因', '總金額', '需求日', '已開單日期', 'ePR No.', '進度追蹤超連結', '備註', 'Status', '簽核中關卡', '報告路徑', '驗收路徑', '合作類別', '合作廠商', '前購單單號', '驗收狀態', 'PO No.', '主任簽核', '叔叔簽核']
2026-09-06 19:18:47 INFO [app]: 查詢結果數量: 1
2026-09-06 19:18:47 INFO [app]: 找到 PO 6100894549 的需求者: 黃郁文 -> 黃郁文
2026-09-06 19:18:47 INFO [app]: 查詢 ePR No.，PO No: '6100894549'
2026-09-06 19:18:47 INFO [app]: 從 Buyer_detail 查詢 (共 964 筆資料)
2026-09-06 19:18:47 INFO [app]: 將 PO No. 轉換為數字: 6100894549
2026-09-06 19:18:47 INFO [app]: 數字匹配查詢到 1 筆結果
2026-09-06 19:18:47 INFO [app]: 找到的 ePR No. 原始值: '2607200420', 類型: <class 'str'>
2026-09-06 19:18:47 INFO [app]: ✓ 在 Buyer_detail 找到 PO 6100894549 的 ePR No.: 2607200420
2026-09-06 19:18:47 INFO [app]: PO 6100894549 最終結果: User=黃郁文, ePR=2607200420
2026-09-06 19:18:47 INFO [app]: 開始處理 PO: 6100879053
2026-09-06 19:18:47 INFO [app]: 查詢需求者，PO No: '6100879053'
2026-09-06 19:18:47 INFO [app]: Planned_Purchase CSV 欄位: ['Id', '開單狀態', 'WBS', '請購順序', '需求者', '請購項目', '需求原因', '總金額', '需求日', '已開單日期', 'ePR No.', '進度追蹤超連結', '備註', 'Status', '簽核中關卡', '報告路徑', '驗收路徑', '合作類別', '合作廠商', '前購單單號', '驗收狀態', 'PO No.', '主任簽核', '叔叔簽核']
2026-09-06 19:18:47 INFO [app]: 查詢結果數量: 1
2026-09-06 19:18:47 INFO [app]: 找到 PO 6100879053 的需求者: 周彥良 -> 周彥良
2026-09-06 19:18:47 INFO [app]: 查詢 ePR No.，PO No: '6100879053'
2026-09-06 19:18:47 INFO [app]: 從 Buyer_detail 查詢 (共 964 筆資料)
2026-09-06 19:18:47 INFO [app]: 將 PO No. 轉換為數字: 6100879053
2026-09-06 19:18:47 INFO [app]: 數字匹配查詢到 1 筆結果
2026-09-06 19:18:47 INFO [app]: 找到的 ePR No. 原始值: '2604200143', 類型: <class 'str'>
2026-09-06 19:18:47 INFO [app]: ✓ 在 Buyer_detail 找到 PO 6100879053 的 ePR No.: 2604200143
2026-09-06 19:18:47 INFO [app]: PO 6100879053 最終結果: User=周彥良, ePR=2604200143
2026-09-06 19:18:47 INFO [app]: 開始處理 PO: 6100894648
2026-09-06 19:18:47 INFO [app]: 查詢需求者，PO No: '6100894648'
2026-09-06 19:18:47 INFO [app]: Planned_Purchase CSV 欄位: ['Id', '開單狀態', 'WBS', '請購順序', '需求者', '請購項目', '需求原因', '總金額', '需求日', '已開單日期', 'ePR No.', '進度追蹤超連結', '備註', 'Status', '簽核中關卡', '報告路徑', '驗收路徑', '合作類別', '合作廠商', '前購單單號', '驗收狀態', 'PO No.', '主任簽核', '叔叔簽核']
2026-09-06 19:18:47 INFO [app]: 查詢結果數量: 0
2026-09-06 19:18:47 INFO [app]: 精確匹配失敗，嘗試部分匹配...
2026-09-06 19:18:47 INFO [app]: 部分匹配找到 PO 6100894648 的需求者: 董承堯 -> 董承堯
2026-09-06 19:18:47 INFO [app]: 查詢 ePR No.，PO No: '6100894648'
2026-09-06 19:18:47 INFO [app]: 從 Buyer_detail 查詢 (共 964 筆資料)
2026-09-06 19:18:47 INFO [app]: 將 PO No. 轉換為數字: 6100894648
2026-09-06 19:18:47 INFO [app]: 收到查詢請求，PO 號碼: ['6100894549', '6100879053', '6100894648', '6100894648', '6100894944', '6100894648', '6100894186', '6100894186', '6100894943', '6100894943', '6100894185', '6100894185', '6100894201']
2026-09-06 19:18:47 INFO [app]: 數字匹配查詢到 3 筆結果
2026-09-06 19:18:47 INFO [app]: 找到的 ePR No. 原始值: '2607270121', 類型: <class 'str'>
2026-09-06 19:18:47 INFO [app]: ✓ 在 Buyer_detail 找到 PO 6100894648 的 ePR No.: 2607270121
2026-09-06 19:18:47 INFO [app]: buyer_detail_df 狀態: 已載入
2026-09-06 19:18:47 INFO [app]: PO 6100894648 最終結果: User=董承堯, ePR=2607270121
2026-09-06 19:18:47 INFO [app]: 開始處理 PO: 6100894648
2026-09-06 19:18:47 INFO [app]: planned_purchase_df 狀態: 已載入
2026-09-06 19:18:47 INFO [app]: Buyer_detail 資料筆數: 964
2026-09-06 19:18:47 INFO [app]: Buyer_detail 欄位: ['Id', '開單狀態', '交貨驗證', 'User', 'ePR No.', 'PO No.', 'Item', '品項', '規格', '數量', '總數', '單價', '總價', '備註', '字數', 'isEditing', 'backup', '_alertedItemLimit', 'Delivery Date 廠商承諾交期', 'SOD Qty 廠商承諾數量', '驗收數量', '拒收數量', '發票月份', 'WBS', '需求日', 'RT金額', 'RT總金額', '驗收狀態']
2026-09-06 19:18:47 INFO [app]: Buyer_detail 前3筆 PO No.: [nan, '6100805547', '6100805547']
2026-09-06 19:18:47 INFO [app]: Planned_purchase 資料筆數: 384
2026-09-06 19:18:47 INFO [app]: Planned_purchase 欄位: ['Id', '開單狀態', 'WBS', '請購順序', '需求者', '請購項目', '需求原因', '總金額', '需求日', '已開單日期', 'ePR No.', '進度追蹤超連結', '備註', 'Status', '簽核中關卡', '報告路徑', '驗收路徑', '合作類別', '合作廠商', '前購單單號', '驗收狀態', 'PO No.', '主任簽核', '叔叔簽核']
2026-09-06 19:18:47 INFO [app]: Planned_purchase 前3筆 PO No.: ['6100793959<br />6100793960', '6100794178', '6100793173']
2026-09-06 19:18:47 INFO [app]: 開始處理 PO: 6100894549
2026-09-06 19:18:47 INFO [app]: 查詢需求者，PO No: '6100894648'
2026-09-06 19:18:47 INFO [app]: Planned_Purchase CSV 欄位: ['Id', '開單狀態', 'WBS', '請購順序', '需求者', '請購項目', '需求原因', '總金額', '需求日', '已開單日期', 'ePR No.', '進度追蹤超連結', '備註', 'Status', '簽核中關卡', '報告路徑', '驗收路徑', '合作類別', '合作廠商', '前購單單號', '驗收狀態', 'PO No.', '主任簽核', '叔叔簽核']
2026-09-06 19:18:47 INFO [app]: 查詢結果數量: 0
2026-09-06 19:18:47 INFO [app]: 精確匹配失敗，嘗試部分匹配...
2026-09-06 19:18:47 INFO [app]: 部分匹配找到 PO 6100894648 的需求者: 董承堯 -> 董承堯
2026-09-06 19:18:47 INFO [app]: 查詢 ePR No.，PO No: '6100894648'
2026-09-06 19:18:47 INFO [app]: 查詢需求者，PO No: '6100894549'
2026-09-06 19:18:47 INFO [app]: Planned_Purchase CSV 欄位: ['Id', '開單狀態', 'WBS', '請購順序', '需求者', '請購項目', '需求原因', '總金額', '需求日', '已開單日期', 'ePR No.', '進度追蹤超連結', '備註', 'Status', '簽核中關卡', '報告路徑', '驗收路徑', '合作類別', '合作廠商', '前購單單號', '驗收狀態', 'PO No.', '主任簽核', '叔叔簽核']
2026-09-06 19:18:47 INFO [app]: 查詢結果數量: 1
2026-09-06 19:18:47 INFO [app]: 找到 PO 6100894549 的需求者: 黃郁文 -> 黃郁文
2026-09-06 19:18:47 INFO [app]: 查詢 ePR No.，PO No: '6100894549'
2026-09-06 19:18:47 INFO [app]: 從 Buyer_detail 查詢 (共 964 筆資料)
2026-09-06 19:18:47 INFO [app]: 將 PO No. 轉換為數字: 6100894648
2026-09-06 19:18:47 INFO [app]: 數字匹配查詢到 3 筆結果
2026-09-06 19:18:47 INFO [app]: 找到的 ePR No. 原始值: '2607270121', 類型: <class 'str'>
2026-09-06 19:18:47 INFO [app]: ✓ 在 Buyer_detail 找到 PO 6100894648 的 ePR No.: 2607270121
2026-09-06 19:18:47 INFO [app]: PO 6100894648 最終結果: User=董承堯, ePR=2607270121
2026-09-06 19:18:47 INFO [app]: 開始處理 PO: 6100894944
2026-09-06 19:18:47 INFO [app]: 從 Buyer_detail 查詢 (共 964 筆資料)
2026-09-06 19:18:47 INFO [app]: 將 PO No. 轉換為數字: 6100894549
2026-09-06 19:18:47 INFO [app]: 數字匹配查詢到 1 筆結果
2026-09-06 19:18:47 INFO [app]: 找到的 ePR No. 原始值: '2607200420', 類型: <class 'str'>
2026-09-06 19:18:47 INFO [app]: ✓ 在 Buyer_detail 找到 PO 6100894549 的 ePR No.: 2607200420
2026-09-06 19:18:47 INFO [app]: PO 6100894549 最終結果: User=黃郁文, ePR=2607200420
2026-09-06 19:18:47 INFO [app]: 開始處理 PO: 6100879053
2026-09-06 19:18:47 INFO [app]: 查詢需求者，PO No: '6100894944'
2026-09-06 19:18:47 INFO [app]: Planned_Purchase CSV 欄位: ['Id', '開單狀態', 'WBS', '請購順序', '需求者', '請購項目', '需求原因', '總金額', '需求日', '已開單日期', 'ePR No.', '進度追蹤超連結', '備註', 'Status', '簽核中關卡', '報告路徑', '驗收路徑', '合作類別', '合作廠商', '前購單單號', '驗收狀態', 'PO No.', '主任簽核', '叔叔簽核']
2026-09-06 19:18:47 INFO [app]: 查詢結果數量: 0
2026-09-06 19:18:47 INFO [app]: 精確匹配失敗，嘗試部分匹配...
2026-09-06 19:18:47 INFO [app]: 部分匹配找到 PO 6100894944 的需求者: 王柏翰 -> 王柏翰
2026-09-06 19:18:47 INFO [app]: 查詢 ePR No.，PO No: '6100894944'
2026-09-06 19:18:47 INFO [app]: 查詢需求者，PO No: '6100879053'
2026-09-06 19:18:47 INFO [app]: Planned_Purchase CSV 欄位: ['Id', '開單狀態', 'WBS', '請購順序', '需求者', '請購項目', '需求原因', '總金額', '需求日', '已開單日期', 'ePR No.', '進度追蹤超連結', '備註', 'Status', '簽核中關卡', '報告路徑', '驗收路徑', '合作類別', '合作廠商', '前購單單號', '驗收狀態', 'PO No.', '主任簽核', '叔叔簽核']
2026-09-06 19:18:47 INFO [app]: 查詢結果數量: 1
2026-09-06 19:18:47 INFO [app]: 找到 PO 6100879053 的需求者: 周彥良 -> 周彥良
2026-09-06 19:18:47 INFO [app]: 查詢 ePR No.，PO No: '6100879053'
2026-09-06 19:18:47 INFO [app]: 從 Buyer_detail 查詢 (共 964 筆資料)
2026-09-06 19:18:47 INFO [app]: 將 PO No. 轉換為數字: 6100894944
2026-09-06 19:18:47 INFO [app]: 數字匹配查詢到 1 筆結果
2026-09-06 19:18:47 INFO [app]: 找到的 ePR No. 原始值: '2606300383', 類型: <class 'str'>
2026-09-06 19:18:47 INFO [app]: ✓ 在 Buyer_detail 找到 PO 6100894944 的 ePR No.: 2606300383
2026-09-06 19:18:47 INFO [app]: PO 6100894944 最終結果: User=王柏翰, ePR=2606300383
2026-09-06 19:18:47 INFO [app]: 開始處理 PO: 6100894648
2026-09-06 19:18:47 INFO [app]: 從 Buyer_detail 查詢 (共 964 筆資料)
2026-09-06 19:18:47 INFO [app]: 將 PO No. 轉換為數字: 6100879053
2026-09-06 19:18:47 INFO [app]: 數字匹配查詢到 1 筆結果
2026-09-06 19:18:47 INFO [app]: 找到的 ePR No. 原始值: '2604200143', 類型: <class 'str'>
2026-09-06 19:18:47 INFO [app]: ✓ 在 Buyer_detail 找到 PO 6100879053 的 ePR No.: 2604200143
2026-09-06 19:18:47 INFO [app]: PO 6100879053 最終結果: User=周彥良, ePR=2604200143
2026-09-06 19:18:47 INFO [app]: 開始處理 PO: 6100894648
2026-09-06 19:18:47 INFO [app]: 查詢需求者，PO No: '6100894648'
2026-09-06 19:18:47 INFO [app]: Planned_Purchase CSV 欄位: ['Id', '開單狀態', 'WBS', '請購順序', '需求者', '請購項目', '需求原因', '總金額', '需求日', '已開單日期', 'ePR No.', '進度追蹤超連結', '備註', 'Status', '簽核中關卡', '報告路徑', '驗收路徑', '合作類別', '合作廠商', '前購單單號', '驗收狀態', 'PO No.', '主任簽核', '叔叔簽核']
2026-09-06 19:18:47 INFO [app]: 查詢結果數量: 0
2026-09-06 19:18:47 INFO [app]: 精確匹配失敗，嘗試部分匹配...
2026-09-06 19:18:47 INFO [app]: 部分匹配找到 PO 6100894648 的需求者: 董承堯 -> 董承堯
2026-09-06 19:18:47 INFO [app]: 查詢 ePR No.，PO No: '6100894648'
2026-09-06 19:18:47 INFO [app]: 查詢需求者，PO No: '6100894648'
2026-09-06 19:18:47 INFO [app]: Planned_Purchase CSV 欄位: ['Id', '開單狀態', 'WBS', '請購順序', '需求者', '請購項目', '需求原因', '總金額', '需求日', '已開單日期', 'ePR No.', '進度追蹤超連結', '備註', 'Status', '簽核中關卡', '報告路徑', '驗收路徑', '合作類別', '合作廠商', '前購單單號', '驗收狀態', 'PO No.', '主任簽核', '叔叔簽核']
2026-09-06 19:18:47 INFO [app]: 查詢結果數量: 0
2026-09-06 19:18:47 INFO [app]: 精確匹配失敗，嘗試部分匹配...
2026-09-06 19:18:47 INFO [app]: 部分匹配找到 PO 6100894648 的需求者: 董承堯 -> 董承堯
2026-09-06 19:18:47 INFO [app]: 查詢 ePR No.，PO No: '6100894648'
2026-09-06 19:18:47 INFO [app]: 從 Buyer_detail 查詢 (共 964 筆資料)
2026-09-06 19:18:47 INFO [app]: 將 PO No. 轉換為數字: 6100894648
2026-09-06 19:18:47 INFO [app]: 數字匹配查詢到 3 筆結果
2026-09-06 19:18:47 INFO [app]: 找到的 ePR No. 原始值: '2607270121', 類型: <class 'str'>
2026-09-06 19:18:47 INFO [app]: ✓ 在 Buyer_detail 找到 PO 6100894648 的 ePR No.: 2607270121
2026-09-06 19:18:47 INFO [app]: PO 6100894648 最終結果: User=董承堯, ePR=2607270121
2026-09-06 19:18:47 INFO [app]: 開始處理 PO: 6100894186
2026-09-06 19:18:48 INFO [app]: 從 Buyer_detail 查詢 (共 964 筆資料)
2026-09-06 19:18:48 INFO [app]: 將 PO No. 轉換為數字: 6100894648
2026-09-06 19:18:48 INFO [app]: 數字匹配查詢到 3 筆結果
2026-09-06 19:18:48 INFO [app]: 找到的 ePR No. 原始值: '2607270121', 類型: <class 'str'>
2026-09-06 19:18:48 INFO [app]: ✓ 在 Buyer_detail 找到 PO 6100894648 的 ePR No.: 2607270121
2026-09-06 19:18:48 INFO [app]: PO 6100894648 最終結果: User=董承堯, ePR=2607270121
2026-09-06 19:18:48 INFO [app]: 開始處理 PO: 6100894648
2026-09-06 19:18:48 INFO [app]: 查詢需求者，PO No: '6100894186'
2026-09-06 19:18:48 INFO [app]: Planned_Purchase CSV 欄位: ['Id', '開單狀態', 'WBS', '請購順序', '需求者', '請購項目', '需求原因', '總金額', '需求日', '已開單日期', 'ePR No.', '進度追蹤超連結', '備註', 'Status', '簽核中關卡', '報告路徑', '驗收路徑', '合作類別', '合作廠商', '前購單單號', '驗收狀態', 'PO No.', '主任簽核', '叔叔簽核']
2026-09-06 19:18:48 INFO [app]: 查詢結果數量: 0
2026-09-06 19:18:48 INFO [app]: 精確匹配失敗，嘗試部分匹配...
2026-09-06 19:18:48 INFO [app]: 部分匹配找到 PO 6100894186 的需求者: 王柏翰 -> 王柏翰
2026-09-06 19:18:48 INFO [app]: 查詢 ePR No.，PO No: '6100894186'
2026-09-06 19:18:48 INFO [app]: 查詢需求者，PO No: '6100894648'
2026-09-06 19:18:48 INFO [app]: Planned_Purchase CSV 欄位: ['Id', '開單狀態', 'WBS', '請購順序', '需求者', '請購項目', '需求原因', '總金額', '需求日', '已開單日期', 'ePR No.', '進度追蹤超連結', '備註', 'Status', '簽核中關卡', '報告路徑', '驗收路徑', '合作類別', '合作廠商', '前購單單號', '驗收狀態', 'PO No.', '主任簽核', '叔叔簽核']
2026-09-06 19:18:48 INFO [app]: 查詢結果數量: 0
2026-09-06 19:18:48 INFO [app]: 精確匹配失敗，嘗試部分匹配...
2026-09-06 19:18:48 INFO [app]: 部分匹配找到 PO 6100894648 的需求者: 董承堯 -> 董承堯
2026-09-06 19:18:48 INFO [app]: 查詢 ePR No.，PO No: '6100894648'
2026-09-06 19:18:48 INFO [app]: 從 Buyer_detail 查詢 (共 964 筆資料)
2026-09-06 19:18:48 INFO [app]: 將 PO No. 轉換為數字: 6100894186
2026-09-06 19:18:48 INFO [app]: 數字匹配查詢到 2 筆結果
2026-09-06 19:18:48 INFO [app]: 找到的 ePR No. 原始值: '2607100410', 類型: <class 'str'>
2026-09-06 19:18:48 INFO [app]: ✓ 在 Buyer_detail 找到 PO 6100894186 的 ePR No.: 2607100410
2026-09-06 19:18:48 INFO [app]: PO 6100894186 最終結果: User=王柏翰, ePR=2607100410
2026-09-06 19:18:48 INFO [app]: 開始處理 PO: 6100894186
2026-09-06 19:18:48 INFO [app]: 從 Buyer_detail 查詢 (共 964 筆資料)
2026-09-06 19:18:48 INFO [app]: 將 PO No. 轉換為數字: 6100894648
2026-09-06 19:18:48 INFO [app]: 數字匹配查詢到 3 筆結果
2026-09-06 19:18:48 INFO [app]: 找到的 ePR No. 原始值: '2607270121', 類型: <class 'str'>
2026-09-06 19:18:48 INFO [app]: ✓ 在 Buyer_detail 找到 PO 6100894648 的 ePR No.: 2607270121
2026-09-06 19:18:48 INFO [app]: PO 6100894648 最終結果: User=董承堯, ePR=2607270121
2026-09-06 19:18:48 INFO [app]: 開始處理 PO: 6100894944
2026-09-06 19:18:48 INFO [app]: 查詢需求者，PO No: '6100894186'
2026-09-06 19:18:48 INFO [app]: Planned_Purchase CSV 欄位: ['Id', '開單狀態', 'WBS', '請購順序', '需求者', '請購項目', '需求原因', '總金額', '需求日', '已開單日期', 'ePR No.', '進度追蹤超連結', '備註', 'Status', '簽核中關卡', '報告路徑', '驗收路徑', '合作類別', '合作廠商', '前購單單號', '驗收狀態', 'PO No.', '主任簽核', '叔叔簽核']
2026-09-06 19:18:48 INFO [app]: 查詢結果數量: 0
2026-09-06 19:18:48 INFO [app]: 精確匹配失敗，嘗試部分匹配...
2026-09-06 19:18:48 INFO [app]: 部分匹配找到 PO 6100894186 的需求者: 王柏翰 -> 王柏翰
2026-09-06 19:18:48 INFO [app]: 查詢 ePR No.，PO No: '6100894186'
2026-09-06 19:18:48 INFO [app]: 查詢需求者，PO No: '6100894944'
2026-09-06 19:18:48 INFO [app]: Planned_Purchase CSV 欄位: ['Id', '開單狀態', 'WBS', '請購順序', '需求者', '請購項目', '需求原因', '總金額', '需求日', '已開單日期', 'ePR No.', '進度追蹤超連結', '備註', 'Status', '簽核中關卡', '報告路徑', '驗收路徑', '合作類別', '合作廠商', '前購單單號', '驗收狀態', 'PO No.', '主任簽核', '叔叔簽核']
2026-09-06 19:18:48 INFO [app]: 查詢結果數量: 0
2026-09-06 19:18:48 INFO [app]: 精確匹配失敗，嘗試部分匹配...
2026-09-06 19:18:48 INFO [app]: 部分匹配找到 PO 6100894944 的需求者: 王柏翰 -> 王柏翰
2026-09-06 19:18:48 INFO [app]: 從 Buyer_detail 查詢 (共 964 筆資料)
2026-09-06 19:18:48 INFO [app]: 查詢 ePR No.，PO No: '6100894944'
2026-09-06 19:18:48 INFO [app]: 將 PO No. 轉換為數字: 6100894186
2026-09-06 19:18:48 INFO [app]: 數字匹配查詢到 2 筆結果
2026-09-06 19:18:48 INFO [app]: 找到的 ePR No. 原始值: '2607100410', 類型: <class 'str'>
2026-09-06 19:18:48 INFO [app]: ✓ 在 Buyer_detail 找到 PO 6100894186 的 ePR No.: 2607100410
2026-09-06 19:18:48 INFO [app]: PO 6100894186 最終結果: User=王柏翰, ePR=2607100410
2026-09-06 19:18:48 INFO [app]: 開始處理 PO: 6100894943
2026-09-06 19:18:48 INFO [app]: 從 Buyer_detail 查詢 (共 964 筆資料)
2026-09-06 19:18:48 INFO [app]: 將 PO No. 轉換為數字: 6100894944
2026-09-06 19:18:48 INFO [app]: 數字匹配查詢到 1 筆結果
2026-09-06 19:18:48 INFO [app]: 找到的 ePR No. 原始值: '2606300383', 類型: <class 'str'>
2026-09-06 19:18:48 INFO [app]: ✓ 在 Buyer_detail 找到 PO 6100894944 的 ePR No.: 2606300383
2026-09-06 19:18:48 INFO [app]: PO 6100894944 最終結果: User=王柏翰, ePR=2606300383
2026-09-06 19:18:48 INFO [app]: 開始處理 PO: 6100894648
2026-09-06 19:18:48 INFO [app]: 查詢需求者，PO No: '6100894943'
2026-09-06 19:18:48 INFO [app]: Planned_Purchase CSV 欄位: ['Id', '開單狀態', 'WBS', '請購順序', '需求者', '請購項目', '需求原因', '總金額', '需求日', '已開單日期', 'ePR No.', '進度追蹤超連結', '備註', 'Status', '簽核中關卡', '報告路徑', '驗收路徑', '合作類別', '合作廠商', '前購單單號', '驗收狀態', 'PO No.', '主任簽核', '叔叔簽核']
2026-09-06 19:18:48 INFO [app]: 查詢結果數量: 0
2026-09-06 19:18:48 INFO [app]: 精確匹配失敗，嘗試部分匹配...
2026-09-06 19:18:48 INFO [app]: 部分匹配找到 PO 6100894943 的需求者: 王柏翰 -> 王柏翰
2026-09-06 19:18:48 INFO [app]: 查詢 ePR No.，PO No: '6100894943'
2026-09-06 19:18:48 INFO [app]: 查詢需求者，PO No: '6100894648'
2026-09-06 19:18:48 INFO [app]: Planned_Purchase CSV 欄位: ['Id', '開單狀態', 'WBS', '請購順序', '需求者', '請購項目', '需求原因', '總金額', '需求日', '已開單日期', 'ePR No.', '進度追蹤超連結', '備註', 'Status', '簽核中關卡', '報告路徑', '驗收路徑', '合作類別', '合作廠商', '前購單單號', '驗收狀態', 'PO No.', '主任簽核', '叔叔簽核']
2026-09-06 19:18:48 INFO [app]: 查詢結果數量: 0
2026-09-06 19:18:48 INFO [app]: 精確匹配失敗，嘗試部分匹配...
2026-09-06 19:18:48 INFO [app]: 部分匹配找到 PO 6100894648 的需求者: 董承堯 -> 董承堯
2026-09-06 19:18:48 INFO [app]: 查詢 ePR No.，PO No: '6100894648'
2026-09-06 19:18:48 INFO [app]: 從 Buyer_detail 查詢 (共 964 筆資料)
2026-09-06 19:18:48 INFO [app]: 將 PO No. 轉換為數字: 6100894943
2026-09-06 19:18:48 INFO [app]: 數字匹配查詢到 2 筆結果
2026-09-06 19:18:48 INFO [app]: 找到的 ePR No. 原始值: '2606300383', 類型: <class 'str'>
2026-09-06 19:18:48 INFO [app]: ✓ 在 Buyer_detail 找到 PO 6100894943 的 ePR No.: 2606300383
2026-09-06 19:18:48 INFO [app]: PO 6100894943 最終結果: User=王柏翰, ePR=2606300383
2026-09-06 19:18:48 INFO [app]: 開始處理 PO: 6100894943
2026-09-06 19:18:48 INFO [app]: 從 Buyer_detail 查詢 (共 964 筆資料)
2026-09-06 19:18:48 INFO [app]: 將 PO No. 轉換為數字: 6100894648
2026-09-06 19:18:48 INFO [app]: 數字匹配查詢到 3 筆結果
2026-09-06 19:18:48 INFO [app]: 找到的 ePR No. 原始值: '2607270121', 類型: <class 'str'>
2026-09-06 19:18:48 INFO [app]: ✓ 在 Buyer_detail 找到 PO 6100894648 的 ePR No.: 2607270121
2026-09-06 19:18:48 INFO [app]: PO 6100894648 最終結果: User=董承堯, ePR=2607270121
2026-09-06 19:18:48 INFO [app]: 開始處理 PO: 6100894186
2026-09-06 19:18:48 INFO [app]: 查詢需求者，PO No: '6100894943'
2026-09-06 19:18:48 INFO [app]: Planned_Purchase CSV 欄位: ['Id', '開單狀態', 'WBS', '請購順序', '需求者', '請購項目', '需求原因', '總金額', '需求日', '已開單日期', 'ePR No.', '進度追蹤超連結', '備註', 'Status', '簽核中關卡', '報告路徑', '驗收路徑', '合作類別', '合作廠商', '前購單單號', '驗收狀態', 'PO No.', '主任簽核', '叔叔簽核']
2026-09-06 19:18:48 INFO [app]: 查詢結果數量: 0
2026-09-06 19:18:48 INFO [app]: 精確匹配失敗，嘗試部分匹配...
2026-09-06 19:18:48 INFO [app]: 部分匹配找到 PO 6100894943 的需求者: 王柏翰 -> 王柏翰
2026-09-06 19:18:48 INFO [app]: 查詢需求者，PO No: '6100894186'
2026-09-06 19:18:48 INFO [app]: 查詢 ePR No.，PO No: '6100894943'
2026-09-06 19:18:48 INFO [app]: Planned_Purchase CSV 欄位: ['Id', '開單狀態', 'WBS', '請購順序', '需求者', '請購項目', '需求原因', '總金額', '需求日', '已開單日期', 'ePR No.', '進度追蹤超連結', '備註', 'Status', '簽核中關卡', '報告路徑', '驗收路徑', '合作類別', '合作廠商', '前購單單號', '驗收狀態', 'PO No.', '主任簽核', '叔叔簽核']
2026-09-06 19:18:48 INFO [app]: 查詢結果數量: 0
2026-09-06 19:18:48 INFO [app]: 精確匹配失敗，嘗試部分匹配...
2026-09-06 19:18:48 INFO [app]: 部分匹配找到 PO 6100894186 的需求者: 王柏翰 -> 王柏翰
2026-09-06 19:18:48 INFO [app]: 查詢 ePR No.，PO No: '6100894186'
2026-09-06 19:18:48 INFO [app]: 從 Buyer_detail 查詢 (共 964 筆資料)
2026-09-06 19:18:48 INFO [app]: 將 PO No. 轉換為數字: 6100894943
2026-09-06 19:18:48 INFO [app]: 數字匹配查詢到 2 筆結果
2026-09-06 19:18:48 INFO [app]: 找到的 ePR No. 原始值: '2606300383', 類型: <class 'str'>
2026-09-06 19:18:48 INFO [app]: ✓ 在 Buyer_detail 找到 PO 6100894943 的 ePR No.: 2606300383
2026-09-06 19:18:48 INFO [app]: PO 6100894943 最終結果: User=王柏翰, ePR=2606300383
2026-09-06 19:18:48 INFO [app]: 開始處理 PO: 6100894185
2026-09-06 19:18:48 INFO [app]: 從 Buyer_detail 查詢 (共 964 筆資料)
2026-09-06 19:18:48 INFO [app]: 將 PO No. 轉換為數字: 6100894186
2026-09-06 19:18:48 INFO [app]: 數字匹配查詢到 2 筆結果
2026-09-06 19:18:48 INFO [app]: 找到的 ePR No. 原始值: '2607100410', 類型: <class 'str'>
2026-09-06 19:18:48 INFO [app]: ✓ 在 Buyer_detail 找到 PO 6100894186 的 ePR No.: 2607100410
2026-09-06 19:18:48 INFO [app]: PO 6100894186 最終結果: User=王柏翰, ePR=2607100410
2026-09-06 19:18:48 INFO [app]: 開始處理 PO: 6100894186
2026-09-06 19:18:48 INFO [app]: 查詢需求者，PO No: '6100894186'
2026-09-06 19:18:48 INFO [app]: 查詢需求者，PO No: '6100894185'
2026-09-06 19:18:48 INFO [app]: Planned_Purchase CSV 欄位: ['Id', '開單狀態', 'WBS', '請購順序', '需求者', '請購項目', '需求原因', '總金額', '需求日', '已開單日期', 'ePR No.', '進度追蹤超連結', '備註', 'Status', '簽核中關卡', '報告路徑', '驗收路徑', '合作類別', '合作廠商', '前購單單號', '驗收狀態', 'PO No.', '主任簽核', '叔叔簽核']
2026-09-06 19:18:48 INFO [app]: Planned_Purchase CSV 欄位: ['Id', '開單狀態', 'WBS', '請購順序', '需求者', '請購項目', '需求原因', '總金額', '需求日', '已開單日期', 'ePR No.', '進度追蹤超連結', '備註', 'Status', '簽核中關卡', '報告路徑', '驗收路徑', '合作類別', '合作廠商', '前購單單號', '驗收狀態', 'PO No.', '主任簽核', '叔叔簽核']
2026-09-06 19:18:48 INFO [app]: 查詢結果數量: 0
2026-09-06 19:18:48 INFO [app]: 精確匹配失敗，嘗試部分匹配...
2026-09-06 19:18:48 INFO [app]: 部分匹配找到 PO 6100894185 的需求者: 王柏翰 -> 王柏翰
2026-09-06 19:18:48 INFO [app]: 查詢 ePR No.，PO No: '6100894185'
2026-09-06 19:18:48 INFO [app]: 查詢結果數量: 0
2026-09-06 19:18:48 INFO [app]: 精確匹配失敗，嘗試部分匹配...
2026-09-06 19:18:48 INFO [app]: 部分匹配找到 PO 6100894186 的需求者: 王柏翰 -> 王柏翰
2026-09-06 19:18:48 INFO [app]: 查詢 ePR No.，PO No: '6100894186'
2026-09-06 19:18:48 INFO [app]: 從 Buyer_detail 查詢 (共 964 筆資料)
2026-09-06 19:18:48 INFO [app]: 將 PO No. 轉換為數字: 6100894185
2026-09-06 19:18:48 INFO [app]: 從 Buyer_detail 查詢 (共 964 筆資料)
2026-09-06 19:18:48 INFO [app]: 數字匹配查詢到 2 筆結果
2026-09-06 19:18:48 INFO [app]: 找到的 ePR No. 原始值: '2607100410', 類型: <class 'str'>
2026-09-06 19:18:48 INFO [app]: ✓ 在 Buyer_detail 找到 PO 6100894185 的 ePR No.: 2607100410
2026-09-06 19:18:48 INFO [app]: 將 PO No. 轉換為數字: 6100894186
2026-09-06 19:18:48 INFO [app]: 數字匹配查詢到 2 筆結果
2026-09-06 19:18:48 INFO [app]: 找到的 ePR No. 原始值: '2607100410', 類型: <class 'str'>
2026-09-06 19:18:48 INFO [app]: PO 6100894185 最終結果: User=王柏翰, ePR=2607100410
2026-09-06 19:18:48 INFO [app]: 開始處理 PO: 6100894185
2026-09-06 19:18:48 INFO [app]: ✓ 在 Buyer_detail 找到 PO 6100894186 的 ePR No.: 2607100410
2026-09-06 19:18:48 INFO [app]: PO 6100894186 最終結果: User=王柏翰, ePR=2607100410
2026-09-06 19:18:48 INFO [app]: 開始處理 PO: 6100894943
2026-09-06 19:18:48 INFO [app]: 查詢需求者，PO No: '6100894185'
2026-09-06 19:18:48 INFO [app]: Planned_Purchase CSV 欄位: ['Id', '開單狀態', 'WBS', '請購順序', '需求者', '請購項目', '需求原因', '總金額', '需求日', '已開單日期', 'ePR No.', '進度追蹤超連結', '備註', 'Status', '簽核中關卡', '報告路徑', '驗收路徑', '合作類別', '合作廠商', '前購單單號', '驗收狀態', 'PO No.', '主任簽核', '叔叔簽核']
2026-09-06 19:18:48 INFO [app]: 查詢結果數量: 0
2026-09-06 19:18:48 INFO [app]: 精確匹配失敗，嘗試部分匹配...
2026-09-06 19:18:48 INFO [app]: 查詢需求者，PO No: '6100894943'
2026-09-06 19:18:48 INFO [app]: 部分匹配找到 PO 6100894185 的需求者: 王柏翰 -> 王柏翰
2026-09-06 19:18:48 INFO [app]: 查詢 ePR No.，PO No: '6100894185'
2026-09-06 19:18:48 INFO [app]: Planned_Purchase CSV 欄位: ['Id', '開單狀態', 'WBS', '請購順序', '需求者', '請購項目', '需求原因', '總金額', '需求日', '已開單日期', 'ePR No.', '進度追蹤超連結', '備註', 'Status', '簽核中關卡', '報告路徑', '驗收路徑', '合作類別', '合作廠商', '前購單單號', '驗收狀態', 'PO No.', '主任簽核', '叔叔簽核']
2026-09-06 19:18:48 INFO [app]: 查詢結果數量: 0
2026-09-06 19:18:48 INFO [app]: 精確匹配失敗，嘗試部分匹配...
2026-09-06 19:18:48 INFO [app]: 部分匹配找到 PO 6100894943 的需求者: 王柏翰 -> 王柏翰
2026-09-06 19:18:48 INFO [app]: 查詢 ePR No.，PO No: '6100894943'
2026-09-06 19:18:48 INFO [app]: 從 Buyer_detail 查詢 (共 964 筆資料)
2026-09-06 19:18:48 INFO [app]: 將 PO No. 轉換為數字: 6100894185
2026-09-06 19:18:48 INFO [app]: 數字匹配查詢到 2 筆結果
2026-09-06 19:18:48 INFO [app]: 找到的 ePR No. 原始值: '2607100410', 類型: <class 'str'>
2026-09-06 19:18:48 INFO [app]: ✓ 在 Buyer_detail 找到 PO 6100894185 的 ePR No.: 2607100410
2026-09-06 19:18:48 INFO [app]: PO 6100894185 最終結果: User=王柏翰, ePR=2607100410
2026-09-06 19:18:48 INFO [app]: 開始處理 PO: 6100894201
2026-09-06 19:18:48 INFO [app]: 從 Buyer_detail 查詢 (共 964 筆資料)
2026-09-06 19:18:48 INFO [app]: 將 PO No. 轉換為數字: 6100894943
2026-09-06 19:18:48 INFO [app]: 數字匹配查詢到 2 筆結果
2026-09-06 19:18:48 INFO [app]: 找到的 ePR No. 原始值: '2606300383', 類型: <class 'str'>
2026-09-06 19:18:48 INFO [app]: ✓ 在 Buyer_detail 找到 PO 6100894943 的 ePR No.: 2606300383
2026-09-06 19:18:48 INFO [app]: PO 6100894943 最終結果: User=王柏翰, ePR=2606300383
2026-09-06 19:18:48 INFO [app]: 開始處理 PO: 6100894943
2026-09-06 19:18:48 INFO [app]: 查詢需求者，PO No: '6100894201'
2026-09-06 19:18:48 INFO [app]: Planned_Purchase CSV 欄位: ['Id', '開單狀態', 'WBS', '請購順序', '需求者', '請購項目', '需求原因', '總金額', '需求日', '已開單日期', 'ePR No.', '進度追蹤超連結', '備註', 'Status', '簽核中關卡', '報告路徑', '驗收路徑', '合作類別', '合作廠商', '前購單單號', '驗收狀態', 'PO No.', '主任簽核', '叔叔簽核']
2026-09-06 19:18:48 INFO [app]: 查詢結果數量: 0
2026-09-06 19:18:48 INFO [app]: 精確匹配失敗，嘗試部分匹配...
2026-09-06 19:18:48 INFO [app]: 部分匹配找到 PO 6100894201 的需求者: 趙祥富 -> 趙祥富
2026-09-06 19:18:48 INFO [app]: 查詢 ePR No.，PO No: '6100894201'
2026-09-06 19:18:49 INFO [app]: 查詢需求者，PO No: '6100894943'
2026-09-06 19:18:49 INFO [app]: Planned_Purchase CSV 欄位: ['Id', '開單狀態', 'WBS', '請購順序', '需求者', '請購項目', '需求原因', '總金額', '需求日', '已開單日期', 'ePR No.', '進度追蹤超連結', '備註', 'Status', '簽核中關卡', '報告路徑', '驗收路徑', '合作類別', '合作廠商', '前購單單號', '驗收狀態', 'PO No.', '主任簽核', '叔叔簽核']
2026-09-06 19:18:49 INFO [app]: 查詢結果數量: 0
2026-09-06 19:18:49 INFO [app]: 精確匹配失敗，嘗試部分匹配...
2026-09-06 19:18:49 INFO [app]: 部分匹配找到 PO 6100894943 的需求者: 王柏翰 -> 王柏翰
2026-09-06 19:18:49 INFO [app]: 查詢 ePR No.，PO No: '6100894943'
2026-09-06 19:18:49 INFO [app]: 從 Buyer_detail 查詢 (共 964 筆資料)
2026-09-06 19:18:49 INFO [app]: 將 PO No. 轉換為數字: 6100894201
2026-09-06 19:18:49 INFO [app]: 數字匹配查詢到 1 筆結果
2026-09-06 19:18:49 INFO [app]: 找到的 ePR No. 原始值: '2607200416', 類型: <class 'str'>
2026-09-06 19:18:49 INFO [app]: ✓ 在 Buyer_detail 找到 PO 6100894201 的 ePR No.: 2607200416
2026-09-06 19:18:49 INFO [app]: PO 6100894201 最終結果: User=趙祥富, ePR=2607200416
2026-09-06 19:18:49 INFO [app]: 回傳完整結果: {'6100894549': {'user': '黃郁文', 'eprNo': '2607200420'}, '6100879053': {'user': '周彥良', 'eprNo': '2604200143'}, '6100894648': {'user': '董承堯', 'eprNo': '2607270121'}, '6100894944': {'user': '王柏翰', 'eprNo': '2606300383'}, '6100894186': {'user': '王柏翰', 'eprNo': '2607100410'}, '6100894943': {'user': '王柏翰', 'eprNo': '2606300383'}, '6100894185': {'user': '王柏翰', 'eprNo': '2607100410'}, '6100894201': {'user': '趙祥富', 'eprNo': '2607200416'}}
2026-09-06 19:18:49 INFO [app]: 從 Buyer_detail 查詢 (共 964 筆資料)
2026-09-06 19:18:49 INFO [app]: 將 PO No. 轉換為數字: 6100894943
2026-09-06 19:18:49 INFO [app]: 數字匹配查詢到 2 筆結果
2026-09-06 19:18:49 INFO [app]: 找到的 ePR No. 原始值: '2606300383', 類型: <class 'str'>
2026-09-06 19:18:49 INFO [app]: ✓ 在 Buyer_detail 找到 PO 6100894943 的 ePR No.: 2606300383
2026-09-06 19:18:49 INFO [app]: PO 6100894943 最終結果: User=王柏翰, ePR=2606300383
2026-09-06 19:18:49 INFO [app]: 開始處理 PO: 6100894185
2026-09-06 19:18:49 INFO [app]: 查詢需求者，PO No: '6100894185'
2026-09-06 19:18:49 INFO [app]: Planned_Purchase CSV 欄位: ['Id', '開單狀態', 'WBS', '請購順序', '需求者', '請購項目', '需求原因', '總金額', '需求日', '已開單日期', 'ePR No.', '進度追蹤超連結', '備註', 'Status', '簽核中關卡', '報告路徑', '驗收路徑', '合作類別', '合作廠商', '前購單單號', '驗收狀態', 'PO No.', '主任簽核', '叔叔簽核']
2026-09-06 19:18:49 INFO [app]: 查詢結果數量: 0
2026-09-06 19:18:49 INFO [app]: 精確匹配失敗，嘗試部分匹配...
2026-09-06 19:18:49 INFO [app]: 部分匹配找到 PO 6100894185 的需求者: 王柏翰 -> 王柏翰
2026-09-06 19:18:49 INFO [app]: 查詢 ePR No.，PO No: '6100894185'
2026-09-06 19:18:49 INFO [app]: 從 Buyer_detail 查詢 (共 964 筆資料)
2026-09-06 19:18:49 INFO [app]: 將 PO No. 轉換為數字: 6100894185
2026-09-06 19:18:49 INFO [app]: 數字匹配查詢到 2 筆結果
2026-09-06 19:18:49 INFO [app]: 找到的 ePR No. 原始值: '2607100410', 類型: <class 'str'>
2026-09-06 19:18:49 INFO [app]: ✓ 在 Buyer_detail 找到 PO 6100894185 的 ePR No.: 2607100410
2026-09-06 19:18:49 INFO [app]: PO 6100894185 最終結果: User=王柏翰, ePR=2607100410
2026-09-06 19:18:49 INFO [app]: 開始處理 PO: 6100894185
2026-09-06 19:18:49 INFO [app]: 查詢需求者，PO No: '6100894185'
2026-09-06 19:18:49 INFO [app]: Planned_Purchase CSV 欄位: ['Id', '開單狀態', 'WBS', '請購順序', '需求者', '請購項目', '需求原因', '總金額', '需求日', '已開單日期', 'ePR No.', '進度追蹤超連結', '備註', 'Status', '簽核中關卡', '報告路徑', '驗收路徑', '合作類別', '合作廠商', '前購單單號', '驗收狀態', 'PO No.', '主任簽核', '叔叔簽核']
2026-09-06 19:18:49 INFO [app]: 查詢結果數量: 0
2026-09-06 19:18:49 INFO [app]: 精確匹配失敗，嘗試部分匹配...
2026-09-06 19:18:49 INFO [app]: 部分匹配找到 PO 6100894185 的需求者: 王柏翰 -> 王柏翰
2026-09-06 19:18:49 INFO [app]: 查詢 ePR No.，PO No: '6100894185'
2026-09-06 19:18:49 INFO [app]: 從 Buyer_detail 查詢 (共 964 筆資料)
2026-09-06 19:18:49 INFO [app]: 將 PO No. 轉換為數字: 6100894185
2026-09-06 19:18:49 INFO [app]: 數字匹配查詢到 2 筆結果
2026-09-06 19:18:49 INFO [app]: 找到的 ePR No. 原始值: '2607100410', 類型: <class 'str'>
2026-09-06 19:18:49 INFO [app]: ✓ 在 Buyer_detail 找到 PO 6100894185 的 ePR No.: 2607100410
2026-09-06 19:18:49 INFO [app]: PO 6100894185 最終結果: User=王柏翰, ePR=2607100410
2026-09-06 19:18:49 INFO [app]: 開始處理 PO: 6100894201
2026-09-06 19:18:49 INFO [app]: 查詢需求者，PO No: '6100894201'
2026-09-06 19:18:49 INFO [app]: Planned_Purchase CSV 欄位: ['Id', '開單狀態', 'WBS', '請購順序', '需求者', '請購項目', '需求原因', '總金額', '需求日', '已開單日期', 'ePR No.', '進度追蹤超連結', '備註', 'Status', '簽核中關卡', '報告路徑', '驗收路徑', '合作類別', '合作廠商', '前購單單號', '驗收狀態', 'PO No.', '主任簽核', '叔叔簽核']
2026-09-06 19:18:49 INFO [app]: 查詢結果數量: 0
2026-09-06 19:18:49 INFO [app]: 精確匹配失敗，嘗試部分匹配...
2026-09-06 19:18:49 INFO [app]: 部分匹配找到 PO 6100894201 的需求者: 趙祥富 -> 趙祥富
2026-09-06 19:18:49 INFO [app]: 查詢 ePR No.，PO No: '6100894201'
2026-09-06 19:18:49 INFO [app]: 從 Buyer_detail 查詢 (共 964 筆資料)
2026-09-06 19:18:49 INFO [app]: 將 PO No. 轉換為數字: 6100894201
2026-09-06 19:18:49 INFO [app]: 數字匹配查詢到 1 筆結果
2026-09-06 19:18:49 INFO [app]: 找到的 ePR No. 原始值: '2607200416', 類型: <class 'str'>
2026-09-06 19:18:49 INFO [app]: ✓ 在 Buyer_detail 找到 PO 6100894201 的 ePR No.: 2607200416
2026-09-06 19:18:49 INFO [app]: PO 6100894201 最終結果: User=趙祥富, ePR=2607200416
2026-09-06 19:18:49 INFO [app]: 回傳完整結果: {'6100894549': {'user': '黃郁文', 'eprNo': '2607200420'}, '6100879053': {'user': '周彥良', 'eprNo': '2604200143'}, '6100894648': {'user': '董承堯', 'eprNo': '2607270121'}, '6100894944': {'user': '王柏翰', 'eprNo': '2606300383'}, '6100894186': {'user': '王柏翰', 'eprNo': '2607100410'}, '6100894943': {'user': '王柏翰', 'eprNo': '2606300383'}, '6100894185': {'user': '王柏翰', 'eprNo': '2607100410'}, '6100894201': {'user': '趙祥富', 'eprNo': '2607200416'}}
